user_id,2.A.1.a,2.A.1.b,2.A.1.c,2.A.1.d,2.A.1.e,2.A.1.f,2.A.2.a,2.A.2.b,2.A.2.c,2.A.2.d,2.B.1.a,2.B.1.b,2.B.1.c,2.B.1.d,2.B.1.e,2.B.1.f,2.B.2.i,2.B.3.a,2.B.3.b,2.B.3.c,2.B.3.d,2.B.3.e,2.B.3.g,2.B.3.h,2.B.3.j,2.B.3.k,2.B.3.l,2.B.3.m,2.B.4.e,2.B.4.g,2.B.4.h,2.B.5.a,2.B.5.b,2.B.5.c,2.B.5.d
u001,0.562119,0.696975,0.503558,0.491148,0.486228,0.436425,0.648302,0.484257,0.407958,0.497886,0.554097,0.401134,0.361683,0.397933,0.344926,0.349712,0.614738,0.6241,0.407683,0.250665,0.232531,0.798849,0.386335,0.259551,0.255593,0.364609,0.304075,0.568029,0.491549,0.655126,0.547013,0.583869,0.29547,0.300448,0.447326
u002,0.658136,0.623638,0.477572,0.577358,0.436155,0.34958,0.69504,0.582421,0.438227,0.501502,0.441615,0.536627,0.522304,0.505942,0.561436,0.417892,0.606442,0.712157,0.369203,0.299298,0.340903,0.714043,0.360947,0.311071,0.224551,0.415886,0.160166,0.491305,0.613196,0.612407,0.510386,0.418768,0.292286,0.274556,0.375437
u003,0.780004,0.618545,0.609623,0.588179,0.684081,0.347883,0.626714,0.606634,0.524131,0.545777,0.518769,0.530125,0.4284,0.27516,0.517473,0.405073,0.600421,0.589927,0.438129,0.299765,0.206214,0.548801,0.460582,0.28449,0.219812,0.338891,0.202028,0.388328,0.601937,0.617302,0.522656,0.445369,0.402725,0.334668,0.535539
u004,0.719431,0.606346,0.587952,0.61292,0.559769,0.317433,0.617426,0.558775,0.501484,0.63074,0.451179,0.514953,0.346269,0.441447,0.500062,0.516095,0.682534,0.552118,0.336614,0.534314,0.367918,0.589564,0.549282,0.552587,0.509904,0.622218,0.510953,0.603674,0.656496,0.645102,0.667345,0.66396,0.302796,0.398293,0.529542
u005,0.753363,0.755383,0.70703,0.696962,0.370937,0.49498,0.674409,0.507582,0.454171,0.62336,0.527634,0.503808,0.473781,0.399542,0.474122,0.34162,0.508332,0.551561,0.387309,0.347899,0.371823,0.591424,0.460362,0.306923,0.290655,0.460718,0.25703,0.562255,0.674618,0.426752,0.502704,0.50716,0.274732,0.18624,0.375068
u006,0.757793,0.672977,0.606339,0.624856,0.485416,0.359889,0.621839,0.690012,0.493757,0.582007,0.48153,0.569267,0.475684,0.374285,0.514382,0.437026,0.504988,0.543221,0.464708,0.426538,0.277538,0.596502,0.590564,0.387602,0.371451,0.55581,0.369186,0.536271,0.635852,0.714422,0.698465,0.542309,0.256416,0.239932,0.493902
u007,0.67362,0.638329,0.610307,0.543475,0.499837,0.250976,0.68891,0.55412,0.533607,0.598568,0.437662,0.504683,0.369808,0.448074,0.528237,0.436655,0.545508,0.309263,0.60224,0.237042,0.260457,0.2611,0.413792,0.203433,0.24683,0.374806,0.249446,0.222448,0.629662,0.645986,0.672272,0.50782,0.324209,0.304118,0.452196
u008,0.649883,0.7259,0.633347,0.733019,0.475838,0.371503,0.582592,0.570769,0.540356,0.53924,0.39222,0.549685,0.424798,0.313462,0.425167,0.414829,0.525472,0.622611,0.428341,0.24771,0.328017,0.609027,0.444647,0.34858,0.272877,0.421538,0.292571,0.676177,0.597484,0.515175,0.573165,0.506756,0.300628,0.235849,0.28126
u009,0.731406,0.614714,0.585577,0.460943,0.31972,0.295079,0.631112,0.582124,0.450308,0.598361,0.428885,0.476602,0.564146,0.482872,0.576891,0.477486,0.617372,0.602692,0.279818,0.327725,0.222366,0.711589,0.382178,0.19707,0.236017,0.4126,0.201585,0.461169,0.520396,0.644156,0.510737,0.403833,0.333761,0.30485,0.326337
u010,0.600482,0.703664,0.530567,0.620291,0.577938,0.232229,0.677453,0.651143,0.446294,0.621751,0.474211,0.528469,0.524478,0.58332,0.54771,0.420081,0.68152,0.570523,0.505138,0.285967,0.253768,0.693495,0.346667,0.301819,0.193061,0.250187,0.26334,0.270588,0.578874,0.550277,0.575544,0.488951,0.338356,0.306311,0.360053
u011,0.698609,0.638653,0.705914,0.536838,0.908369,0.483122,0.653139,0.63711,0.551556,0.414978,0.511251,0.673793,0.474405,0.36728,0.560321,0.479296,0.745104,0.692443,0.281023,0.291993,0.241934,0.438957,0.229865,0.205161,0.288888,0.210686,0.198615,0.267937,0.584466,0.611566,0.729645,0.56487,0.33044,0.320867,0.306329
u012,0.787791,0.658309,0.621009,0.607384,0.620662,0.256499,0.605151,0.543341,0.462577,0.603128,0.521852,0.600759,0.51136,0.395078,0.542788,0.453613,0.609028,0.454167,0.280983,0.284788,0.208475,0.432994,0.385911,0.363148,0.309084,0.30021,0.303317,0.291927,0.6523,0.540474,0.63964,0.538478,0.25544,0.305538,0.456383
u013,0.704067,0.631524,0.635926,0.736673,0.539,0.429063,0.630614,0.593753,0.524776,0.65472,0.497797,0.655954,0.451301,0.361625,0.546451,0.557718,0.559448,0.630551,0.467258,0.45284,0.265505,0.575724,0.535137,0.41104,0.206598,0.557759,0.324715,0.506333,0.685996,0.675681,0.620755,0.468454,0.326583,0.270714,0.430479
u014,0.679492,0.619542,0.49864,0.640122,0.296264,0.297728,0.647963,0.615252,0.462354,0.614436,0.442276,0.61037,0.478,0.507318,0.453604,0.37609,0.620102,0.404596,0.34039,0.198541,0.231531,0.363949,0.45219,0.237275,0.206505,0.339035,0.231858,0.441513,0.574153,0.61957,0.518782,0.557127,0.329646,0.23902,0.450089
u015,0.723827,0.655304,0.65287,0.587691,0.548217,0.346753,0.702563,0.718951,0.538747,0.614694,0.455256,0.465245,0.424481,0.32893,0.521015,0.425328,0.619977,0.482188,0.35053,0.208445,0.253294,0.470277,0.462398,0.209424,0.21229,0.458604,0.29808,0.389444,0.71166,0.656778,0.659174,0.504635,0.324296,0.305203,0.528715
u016,0.603635,0.640255,0.517806,0.5365,0.575345,0.316239,0.650264,0.551134,0.504454,0.545356,0.487239,0.605933,0.490199,0.370666,0.608697,0.413084,0.719184,0.578093,0.580551,0.189393,0.241452,0.66387,0.356757,0.324294,0.30048,0.300942,0.194631,0.325484,0.598941,0.592187,0.5962,0.489853,0.308937,0.336831,0.385071
u017,0.681538,0.616701,0.606564,0.565103,0.561929,0.329605,0.61352,0.598418,0.520072,0.605805,0.429532,0.53051,0.415455,0.491039,0.658065,0.448327,0.64083,0.581408,0.415286,0.491136,0.250942,0.570258,0.566399,0.519542,0.556929,0.709184,0.531482,0.625458,0.587163,0.724905,0.701144,0.596724,0.330444,0.351475,0.527697
u018,0.595465,0.639531,0.535438,0.577466,0.474268,0.397823,0.679924,0.492809,0.389374,0.469716,0.585969,0.379881,0.382903,0.314981,0.375594,0.450499,0.633773,0.574373,0.461954,0.186599,0.289182,0.874714,0.32541,0.259521,0.206282,0.308009,0.189843,0.635323,0.554131,0.542011,0.60525,0.450055,0.270709,0.336548,0.450719
u019,0.656581,0.576047,0.559516,0.519777,0.573039,0.364956,0.707607,0.639251,0.388897,0.56881,0.486177,0.568954,0.407357,0.46195,0.495774,0.503235,0.611957,0.293679,0.585447,0.276232,0.268278,0.308977,0.404447,0.219802,0.298214,0.365625,0.282791,0.25274,0.619413,0.582766,0.723545,0.535641,0.246586,0.350834,0.397969
u020,0.64884,0.534789,0.673588,0.64353,0.479535,0.482785,0.658278,0.454479,0.45566,0.647241,0.389599,0.430146,0.505252,0.401452,0.355686,0.431311,0.494569,0.6165,0.443688,0.251963,0.357385,0.641545,0.406356,0.389404,0.293691,0.48097,0.192334,0.598443,0.53948,0.516202,0.576465,0.597964,0.294169,0.256651,0.329421
u021,0.535285,0.664521,0.52744,0.479894,0.50402,0.398255,0.619365,0.656605,0.559772,0.545448,0.420668,0.497226,0.48466,0.414235,0.477041,0.470598,0.595726,0.697926,0.416259,0.368236,0.258736,0.665984,0.454474,0.244245,0.313789,0.319276,0.230179,0.44883,0.674816,0.583156,0.523278,0.443896,0.289153,0.350574,0.3629
u022,0.60118,0.68775,0.558251,0.544156,0.50003,0.236417,0.584234,0.670509,0.498564,0.505612,0.509689,0.551107,0.512136,0.529398,0.446312,0.411971,0.616244,0.465919,0.529572,0.199592,0.233601,0.676569,0.332001,0.212287,0.300452,0.248452,0.288899,0.362751,0.584376,0.61047,0.611547,0.55111,0.264259,0.350518,0.330463
u023,0.617661,0.684659,0.674513,0.699037,0.73245,0.531973,0.616578,0.654882,0.499576,0.417506,0.428298,0.542631,0.559316,0.399678,0.498291,0.3734,0.754,0.636871,0.269934,0.200479,0.282145,0.357991,0.248596,0.273871,0.262127,0.246344,0.252433,0.29445,0.722733,0.614577,0.675237,0.481612,0.241474,0.294134,0.373938
u024,0.701833,0.685163,0.651414,0.63471,0.571884,0.329609,0.744557,0.553996,0.596313,0.562642,0.45838,0.504109,0.414056,0.393262,0.427938,0.366926,0.641866,0.37291,0.278937,0.225521,0.206075,0.534089,0.286031,0.298759,0.281649,0.275019,0.268077,0.320763,0.61979,0.561212,0.616761,0.527523,0.302185,0.310691,0.373681
u025,0.70613,0.594764,0.585992,0.641757,0.505728,0.371888,0.650256,0.626529,0.580041,0.618526,0.588238,0.573269,0.416432,0.374192,0.532639,0.539165,0.705396,0.542589,0.568975,0.357651,0.314403,0.641956,0.56902,0.334168,0.26344,0.659282,0.325606,0.517957,0.613676,0.689107,0.62898,0.558556,0.320222,0.355248,0.497788
u026,0.653203,0.64231,0.60218,0.590696,0.421014,0.366641,0.754843,0.624141,0.496315,0.609519,0.494873,0.48241,0.478239,0.350157,0.510323,0.42428,0.629827,0.485871,0.345212,0.232925,0.190666,0.32806,0.517554,0.259306,0.227497,0.471166,0.254419,0.491321,0.579027,0.590228,0.497889,0.530076,0.290602,0.177913,0.522496
u027,0.618852,0.662146,0.557233,0.632332,0.522413,0.285976,0.618764,0.685473,0.4817,0.583144,0.399537,0.517137,0.497568,0.413849,0.578114,0.450113,0.610067,0.550596,0.349171,0.309737,0.32111,0.626788,0.489926,0.274027,0.216787,0.316042,0.254649,0.399435,0.618642,0.495276,0.611791,0.426394,0.330838,0.290038,0.384781
u028,0.692034,0.623161,0.527003,0.58475,0.476377,0.290039,0.661231,0.628151,0.484833,0.648295,0.555012,0.517276,0.497215,0.357724,0.597259,0.556138,0.692084,0.553794,0.517597,0.283967,0.301754,0.595108,0.443125,0.276392,0.235633,0.237611,0.322806,0.385911,0.590476,0.669219,0.552755,0.512873,0.310858,0.247908,0.356055
u029,0.674515,0.692899,0.687193,0.672465,0.552674,0.312742,0.706327,0.581515,0.528017,0.637201,0.49539,0.526552,0.411959,0.385052,0.506177,0.526053,0.716468,0.422475,0.474368,0.524675,0.356775,0.749786,0.592377,0.55441,0.556717,0.642201,0.478093,0.559336,0.62951,0.677773,0.61983,0.538303,0.315951,0.45106,0.501338
u030,0.502539,0.663323,0.488306,0.562562,0.638213,0.446486,0.588346,0.534518,0.305183,0.561999,0.521615,0.456042,0.463495,0.329327,0.430424,0.427203,0.621858,0.566705,0.444329,0.287507,0.175423,0.969358,0.314685,0.179448,0.236769,0.325703,0.246981,0.561456,0.472485,0.535093,0.550668,0.497779,0.429029,0.244798,0.442362
u031,0.676603,0.634015,0.529792,0.518021,0.468335,0.271788,0.70344,0.598531,0.374125,0.522727,0.420151,0.628676,0.4025,0.324524,0.627307,0.477703,0.574803,0.253562,0.605181,0.259186,0.224019,0.245709,0.384422,0.27746,0.241168,0.381626,0.292048,0.309875,0.496897,0.620961,0.61194,0.56619,0.318727,0.322429,0.320183
u032,0.696703,0.740762,0.679183,0.730484,0.381903,0.464281,0.600807,0.51925,0.468888,0.628153,0.466136,0.48098,0.41884,0.421034,0.489324,0.441928,0.532257,0.591358,0.370211,0.32265,0.339795,0.607628,0.457838,0.372351,0.214812,0.481414,0.224968,0.593798,0.495746,0.570703,0.563837,0.522357,0.289518,0.230671,0.373976
u033,0.617483,0.563398,0.521284,0.50465,0.411922,0.377831,0.662258,0.508428,0.472101,0.594542,0.486094,0.474045,0.530178,0.420083,0.481048,0.411893,0.591402,0.624625,0.411366,0.306794,0.310994,0.761,0.35213,0.239093,0.219238,0.358097,0.31462,0.445607,0.549093,0.514032,0.470538,0.412598,0.251281,0.302142,0.36379
u034,0.692996,0.699698,0.565386,0.529116,0.419103,0.21117,0.6034,0.618698,0.500147,0.602745,0.499406,0.488448,0.518118,0.552187,0.577107,0.457391,0.572326,0.510231,0.497144,0.236681,0.197616,0.58785,0.416682,0.30142,0.191287,0.287993,0.233573,0.329885,0.56707,0.543154,0.558712,0.566857,0.370699,0.379122,0.450728
u035,0.710363,0.585718,0.661586,0.660125,0.941172,0.511409,0.732894,0.676848,0.541978,0.47208,0.389211,0.552168,0.475224,0.367786,0.491608,0.379335,0.811706,0.714882,0.355898,0.213194,0.193201,0.32083,0.258751,0.244023,0.236698,0.273673,0.154761,0.383029,0.733913,0.637464,0.733396,0.495805,0.22026,0.273467,0.301219
u036,0.638385,0.665525,0.743905,0.643085,0.599773,0.282066,0.7496,0.689082,0.569383,0.568464,0.450864,0.596319,0.415535,0.334281,0.542906,0.472162,0.628541,0.390764,0.271294,0.279347,0.216274,0.425195,0.260941,0.314969,0.236645,0.224705,0.209579,0.38546,0.641136,0.611605,0.582221,0.474342,0.295841,0.298849,0.418372
u037,0.68794,0.675879,0.540585,0.669038,0.528795,0.379949,0.737784,0.622862,0.477046,0.674769,0.480596,0.545087,0.400414,0.271986,0.60182,0.489867,0.619321,0.507602,0.499164,0.363401,0.300887,0.651357,0.530077,0.384501,0.312942,0.512233,0.295691,0.511895,0.640066,0.742769,0.688987,0.454187,0.43118,0.287319,0.499529
u038,0.780228,0.715331,0.586845,0.59516,0.372818,0.327416,0.683017,0.644498,0.494742,0.629897,0.408994,0.574896,0.359273,0.416248,0.457698,0.506098,0.664798,0.375319,0.416318,0.312719,0.305726,0.445678,0.617509,0.288918,0.276886,0.403185,0.289481,0.502336,0.615947,0.638586,0.663295,0.529631,0.376433,0.1972,0.418151
u039,0.744293,0.648451,0.633373,0.635848,0.498843,0.243281,0.726002,0.595444,0.466935,0.63332,0.458955,0.540794,0.426967,0.323614,0.616233,0.469295,0.71366,0.538636,0.392445,0.317863,0.251583,0.55916,0.369457,0.285263,0.269926,0.392189,0.202386,0.414133,0.761753,0.578905,0.616678,0.415829,0.307776,0.243602,0.438667
u040,0.627629,0.571562,0.576539,0.661007,0.51761,0.32439,0.673635,0.554157,0.415844,0.48075,0.468916,0.557877,0.421727,0.404344,0.625466,0.506706,0.714748,0.568981,0.543193,0.187462,0.292471,0.631105,0.278985,0.326858,0.254978,0.331961,0.20928,0.301501,0.646962,0.626939,0.589527,0.460143,0.30727,0.308645,0.352297
u041,0.659717,0.755743,0.564254,0.599302,0.54687,0.310668,0.56701,0.603014,0.604326,0.64968,0.509406,0.575133,0.423755,0.372062,0.510849,0.381774,0.623515,0.573387,0.340101,0.489959,0.385134,0.599635,0.593363,0.577817,0.629622,0.692641,0.523824,0.640279,0.667912,0.68128,0.611022,0.56105,0.376222,0.509638,0.528409
u042,0.497452,0.611177,0.571972,0.557872,0.515843,0.386433,0.558894,0.537748,0.368555,0.45845,0.461991,0.422837,0.495112,0.353031,0.461695,0.414765,0.638987,0.5606,0.466122,0.254107,0.188946,0.857848,0.388015,0.308376,0.244392,0.301535,0.311174,0.650322,0.55073,0.539864,0.590998,0.560304,0.21826,0.329079,0.418039
u043,0.662534,0.540312,0.589094,0.578451,0.558866,0.214927,0.661845,0.583585,0.391655,0.591915,0.540309,0.407453,0.397298,0.404755,0.471159,0.55084,0.464457,0.293077,0.592779,0.212825,0.190487,0.220374,0.433226,0.184409,0.282345,0.368726,0.280131,0.200036,0.619715,0.597556,0.61762,0.566865,0.242383,0.276992,0.301881
u044,0.731567,0.662231,0.676229,0.618726,0.369155,0.447298,0.699702,0.471696,0.450576,0.710647,0.4309,0.491712,0.357564,0.392959,0.373413,0.495948,0.519386,0.603333,0.411226,0.325593,0.337102,0.649777,0.484832,0.213391,0.24351,0.447642,0.176782,0.560073,0.568745,0.541469,0.577109,0.521335,0.262436,0.299264,0.347102
u045,0.651494,0.573826,0.525647,0.544691,0.422369,0.352711,0.627231,0.593058,0.489609,0.645836,0.487766,0.493899,0.578679,0.525984,0.499928,0.38878,0.618852,0.70092,0.36281,0.466185,0.253437,0.64604,0.350771,0.275759,0.335646,0.374332,0.165516,0.412282,0.575964,0.532271,0.4675,0.412346,0.253434,0.333981,0.324938
u046,0.638225,0.660136,0.632865,0.614603,0.570586,0.283015,0.723178,0.549521,0.483568,0.594041,0.540208,0.558608,0.453668,0.550148,0.53008,0.37025,0.603626,0.56169,0.590646,0.245957,0.172046,0.745469,0.394136,0.245538,0.307363,0.203674,0.226756,0.407685,0.590474,0.486245,0.597767,0.532534,0.342687,0.350572,0.464044
u047,0.710912,0.785827,0.734916,0.737148,0.850531,0.510139,0.743532,0.658672,0.569363,0.494276,0.423238,0.531061,0.467077,0.380009,0.537692,0.39154,0.676524,0.671591,0.310022,0.184472,0.213961,0.395097,0.294299,0.253004,0.194397,0.155141,0.30763,0.347602,0.673685,0.603083,0.636729,0.472169,0.344457,0.29514,0.36529
u048,0.614196,0.680836,0.724008,0.628929,0.654107,0.291767,0.670191,0.600974,0.535515,0.624332,0.500294,0.554163,0.580468,0.413675,0.626051,0.467866,0.511857,0.432537,0.285787,0.290327,0.263708,0.451473,0.328561,0.33372,0.161565,0.326753,0.306902,0.351084,0.676525,0.573003,0.493959,0.556364,0.255916,0.247138,0.374238
u049,0.701908,0.639755,0.579787,0.632767,0.485932,0.336248,0.640469,0.606939,0.585606,0.594607,0.553288,0.562573,0.469155,0.427931,0.539609,0.522482,0.643088,0.568172,0.562473,0.410107,0.32566,0.581901,0.467271,0.379984,0.218873,0.524473,0.374251,0.556959,0.710783,0.636108,0.658415,0.520173,0.366182,0.299505,0.444115
u050,0.634055,0.668017,0.57686,0.540662,0.369974,0.3986,0.743942,0.614844,0.541131,0.47465,0.375457,0.487118,0.400603,0.412345,0.4254,0.357899,0.548584,0.400746,0.354354,0.210017,0.297646,0.381376,0.511512,0.223717,0.311732,0.389302,0.214291,0.497547,0.557513,0.534287,0.505723,0.498052,0.292727,0.313065,0.378308
u051,0.728485,0.70398,0.63281,0.540218,0.593649,0.384932,0.657635,0.649601,0.521605,0.59337,0.528581,0.520801,0.428942,0.293459,0.452237,0.495233,0.668601,0.564089,0.313181,0.241345,0.221212,0.546156,0.38401,0.300298,0.257187,0.325535,0.152492,0.347068,0.704985,0.637258,0.542411,0.499428,0.248198,0.26228,0.494492
u052,0.768631,0.647738,0.629284,0.5879,0.550985,0.280858,0.700947,0.64652,0.406832,0.549925,0.41383,0.551755,0.460484,0.471544,0.598079,0.488613,0.611113,0.49988,0.469664,0.304169,0.283234,0.564566,0.347503,0.308321,0.189299,0.289816,0.221635,0.310015,0.622903,0.660029,0.546111,0.581186,0.295154,0.326685,0.367798
u053,0.596186,0.614037,0.582765,0.631311,0.455022,0.376741,0.69975,0.561523,0.550023,0.567175,0.607208,0.443186,0.431892,0.321619,0.52753,0.507825,0.620366,0.563895,0.420253,0.509369,0.382934,0.560776,0.591528,0.576148,0.638009,0.672196,0.443296,0.572295,0.625869,0.642929,0.598867,0.543031,0.337553,0.384048,0.491871
u054,0.655117,0.638001,0.559198,0.486885,0.578232,0.432787,0.666783,0.511887,0.425007,0.543691,0.57037,0.504853,0.420327,0.404844,0.43793,0.370653,0.682843,0.643067,0.465373,0.320617,0.212782,0.827996,0.293604,0.229585,0.264861,0.382669,0.250982,0.598589,0.52647,0.592168,0.618498,0.511616,0.339679,0.212986,0.47393
u055,0.693843,0.604448,0.525411,0.605525,0.552608,0.305016,0.737562,0.542145,0.407399,0.521508,0.458493,0.550705,0.45604,0.471309,0.515654,0.436796,0.643906,0.233584,0.564776,0.208083,0.29339,0.194135,0.385986,0.279354,0.294743,0.413474,0.281551,0.274894,0.601622,0.557791,0.709773,0.573412,0.269024,0.295832,0.340715
u056,0.752762,0.717711,0.615291,0.717199,0.421616,0.44919,0.706118,0.491707,0.406133,0.578916,0.457757,0.477585,0.441468,0.424499,0.40455,0.396024,0.550936,0.524606,0.34697,0.316608,0.337796,0.663089,0.447536,0.295204,0.327649,0.449634,0.239946,0.513376,0.586159,0.434097,0.521864,0.540841,0.277863,0.268789,0.411281
u057,0.56179,0.614114,0.54022,0.571299,0.438792,0.373207,0.706527,0.608492,0.52288,0.474456,0.410618,0.53304,0.519325,0.418345,0.481772,0.367442,0.616184,0.64133,0.404654,0.351093,0.203793,0.6879,0.402218,0.262873,0.27953,0.379126,0.337242,0.413579,0.571373,0.505785,0.630341,0.502424,0.203876,0.295069,0.398429
u058,0.606702,0.533442,0.578639,0.591536,0.539622,0.305855,0.604758,0.531314,0.417998,0.58984,0.514706,0.553131,0.514826,0.465426,0.47582,0.444788,0.635869,0.511308,0.534443,0.277288,0.182851,0.687535,0.340625,0.206123,0.256913,0.217887,0.246405,0.316498,0.622042,0.588945,0.568202,0.615121,0.30266,0.241439,0.447019
u059,0.797647,0.721442,0.646184,0.600252,0.760945,0.525092,0.689882,0.657674,0.456678,0.523062,0.415075,0.477519,0.517565,0.223577,0.596037,0.481016,0.772295,0.545447,0.304911,0.207889,0.183874,0.478521,0.313244,0.284285,0.219476,0.2383,0.251631,0.316229,0.706987,0.716851,0.694512,0.462548,0.223673,0.315657,0.540441
u060,0.667404,0.623261,0.653634,0.74196,0.633363,0.331731,0.736507,0.762167,0.527506,0.59371,0.51803,0.452447,0.363865,0.452784,0.431713,0.407855,0.662405,0.406946,0.271627,0.342981,0.188264,0.498799,0.330248,0.275705,0.199407,0.269085,0.212766,0.354978,0.685099,0.571958,0.558784,0.591353,0.317842,0.265208,0.36015
u061,0.706089,0.686137,0.642389,0.69454,0.532893,0.384992,0.681399,0.555147,0.507537,0.62835,0.515245,0.589999,0.37359,0.406216,0.635774,0.55758,0.6229,0.615873,0.501139,0.407024,0.257273,0.633629,0.488346,0.474753,0.319749,0.604337,0.315151,0.560315,0.672732,0.615247,0.625078,0.609033,0.392984,0.421645,0.503631
u062,0.67967,0.667757,0.660227,0.604233,0.307352,0.232316,0.657845,0.5246,0.543822,0.665463,0.467821,0.593263,0.447236,0.435459,0.49378,0.446552,0.642701,0.483023,0.324978,0.281829,0.224253,0.435967,0.501906,0.199893,0.213055,0.357307,0.264326,0.544559,0.611403,0.609272,0.557506,0.473725,0.245976,0.257253,0.406433
u063,0.695544,0.684909,0.607017,0.689868,0.474854,0.327601,0.725648,0.558895,0.564121,0.585551,0.395767,0.592244,0.418276,0.337193,0.547304,0.489827,0.59785,0.634615,0.422652,0.216879,0.19434,0.64234,0.516964,0.193032,0.236625,0.359625,0.159939,0.28773,0.726874,0.471696,0.560888,0.406557,0.263134,0.269006,0.457341
u064,0.644945,0.668552,0.645959,0.61179,0.579046,0.335518,0.607865,0.542934,0.532506,0.592237,0.517358,0.491019,0.446221,0.505046,0.557177,0.55348,0.663505,0.578122,0.516746,0.237178,0.203113,0.653301,0.415239,0.247267,0.250307,0.276997,0.253853,0.423594,0.608043,0.626228,0.570377,0.505574,0.37045,0.277378,0.381837
u065,0.567707,0.68709,0.572912,0.525919,0.57376,0.376132,0.623205,0.517536,0.44037,0.567533,0.458882,0.543864,0.47404,0.3793,0.56934,0.535878,0.653839,0.554633,0.436241,0.584573,0.361148,0.662024,0.562265,0.58317,0.466375,0.722677,0.560721,0.583958,0.752788,0.682977,0.652279,0.632823,0.27677,0.440173,0.540301
u066,0.571001,0.658849,0.561847,0.589373,0.510352,0.393055,0.684224,0.538991,0.386835,0.395482,0.409486,0.524349,0.433287,0.331653,0.518816,0.423996,0.722373,0.503348,0.401725,0.270895,0.321037,0.823726,0.394215,0.26205,0.324883,0.349967,0.256038,0.575113,0.564619,0.601125,0.559409,0.525616,0.253309,0.206309,0.387834
u067,0.581977,0.602854,0.56027,0.567644,0.484013,0.156984,0.682781,0.742977,0.360892,0.498951,0.448383,0.418747,0.413126,0.3983,0.517595,0.479475,0.640025,0.331143,0.693967,0.235904,0.314082,0.215139,0.383043,0.204861,0.305855,0.324074,0.241953,0.220166,0.574943,0.536228,0.55728,0.535008,0.292636,0.283395,0.421851
u068,0.739249,0.628845,0.636753,0.641536,0.520354,0.419898,0.75206,0.465995,0.490951,0.55726,0.417733,0.482672,0.333365,0.390601,0.407084,0.355444,0.535532,0.517507,0.434331,0.313561,0.38075,0.484609,0.351366,0.239093,0.217698,0.466716,0.221749,0.54057,0.589994,0.573631,0.651367,0.548535,0.292718,0.230989,0.294787
u069,0.561728,0.532297,0.536111,0.553517,0.522185,0.294674,0.67486,0.672951,0.467406,0.549489,0.378454,0.531245,0.505978,0.471936,0.461876,0.484052,0.613247,0.597208,0.407674,0.308239,0.246023,0.718075,0.264184,0.335181,0.267095,0.474584,0.315721,0.408713,0.560749,0.530668,0.602355,0.511014,0.31994,0.297106,0.373972
u070,0.699702,0.598926,0.610527,0.603528,0.559243,0.277842,0.671502,0.570609,0.387246,0.584816,0.52476,0.517423,0.482643,0.456553,0.480032,0.44129,0.609934,0.489288,0.514813,0.229066,0.217935,0.596533,0.368679,0.293809,0.241983,0.221456,0.283377,0.273218,0.536642,0.507038,0.708481,0.623142,0.269187,0.337422,0.474726
u071,0.710806,0.620356,0.737019,0.631655,0.851529,0.539677,0.741211,0.602511,0.575223,0.527969,0.36051,0.5383,0.46806,0.42735,0.491102,0.388246,0.784197,0.680296,0.37506,0.233677,0.265035,0.375828,0.221986,0.231328,0.241104,0.320619,0.200585,0.312975,0.728517,0.555631,0.718619,0.583547,0.355688,0.279572,0.384797
u072,0.724189,0.649506,0.59455,0.592708,0.689522,0.381391,0.745805,0.674293,0.520441,0.602458,0.521021,0.547724,0.468984,0.431041,0.513388,0.409385,0.541294,0.336929,0.342458,0.272713,0.286233,0.504946,0.363058,0.272015,0.129248,0.316338,0.269489,0.41292,0.565834,0.539434,0.571766,0.522329,0.330989,0.26995,0.398813
u073,0.68783,0.663899,0.622511,0.656925,0.58428,0.37538,0.647652,0.674703,0.507891,0.641684,0.469845,0.647007,0.513447,0.388093,0.510999,0.485995,0.627301,0.567363,0.470599,0.292522,0.196468,0.626815,0.563121,0.42173,0.375377,0.636991,0.304839,0.597771,0.640251,0.677661,0.650503,0.509485,0.344999,0.327898,0.490916
u074,0.69939,0.744982,0.622883,0.612509,0.332743,0.31326,0.646551,0.648801,0.577315,0.605811,0.342697,0.49828,0.394931,0.423955,0.496555,0.44416,0.73924,0.432326,0.375093,0.233641,0.231907,0.412387,0.553718,0.203965,0.326793,0.339243,0.206492,0.507167,0.610177,0.55032,0.51514,0.517195,0.331847,0.320071,0.472327
u075,0.712445,0.591732,0.592784,0.623922,0.592814,0.293494,0.726401,0.603038,0.572624,0.567024,0.467302,0.456912,0.470679,0.269315,0.513152,0.468363,0.696684,0.577445,0.391928,0.237485,0.269498,0.656968,0.451555,0.301557,0.200477,0.335401,0.277144,0.420124,0.684231,0.573184,0.595024,0.466719,0.353033,0.298496,0.475749
u076,0.696561,0.609099,0.57537,0.637449,0.540581,0.353743,0.596972,0.666045,0.4063,0.500401,0.476023,0.594318,0.363579,0.473609,0.524149,0.48516,0.657079,0.562992,0.51355,0.2681,0.271156,0.674369,0.366248,0.289474,0.266757,0.350995,0.25637,0.382499,0.677303,0.717113,0.585995,0.562175,0.266058,0.29227,0.410343
u077,0.644422,0.616938,0.573096,0.609537,0.503096,0.39163,0.723622,0.537792,0.448889,0.674939,0.451282,0.519633,0.380539,0.458895,0.595685,0.434724,0.60691,0.465439,0.467631,0.455992,0.357943,0.623082,0.66738,0.505122,0.547739,0.668096,0.553182,0.542837,0.637419,0.691545,0.656558,0.657365,0.364441,0.3526,0.556664
u078,0.633165,0.616059,0.471512,0.470415,0.582874,0.474453,0.704434,0.541273,0.350527,0.461752,0.511114,0.485216,0.422211,0.442038,0.447256,0.458012,0.676044,0.55821,0.305574,0.242573,0.284257,0.814232,0.311118,0.235587,0.159659,0.376567,0.242185,0.681608,0.523629,0.627896,0.585808,0.447491,0.34229,0.351034,0.37269
u079,0.655391,0.580366,0.565613,0.561191,0.456745,0.219753,0.659986,0.628581,0.464954,0.530071,0.440763,0.459631,0.411898,0.436032,0.502176,0.381223,0.529704,0.241786,0.570567,0.165045,0.273227,0.218766,0.398797,0.193045,0.201365,0.440284,0.250833,0.243465,0.632464,0.567803,0.692555,0.517875,0.252846,0.347713,0.399568
u080,0.741444,0.704718,0.704216,0.686516,0.408605,0.500726,0.65136,0.503344,0.48595,0.583195,0.472576,0.519452,0.397789,0.413677,0.377948,0.439752,0.435678,0.594107,0.386167,0.319336,0.345701,0.561882,0.377262,0.31389,0.235307,0.551347,0.263761,0.560121,0.601285,0.510061,0.624848,0.372485,0.174827,0.23875,0.343328
u081,0.613769,0.669725,0.626218,0.649974,0.463856,0.271626,0.604344,0.555433,0.536549,0.496006,0.409821,0.439308,0.472181,0.389989,0.5234,0.396157,0.625851,0.602161,0.299332,0.380071,0.308994,0.706117,0.40668,0.303303,0.298341,0.342872,0.139313,0.457445,0.601261,0.527888,0.437089,0.427068,0.25405,0.297775,0.484347
u082,0.697585,0.651081,0.572372,0.499207,0.510139,0.240562,0.590265,0.505408,0.45725,0.610675,0.48776,0.606321,0.500418,0.486597,0.47218,0.463529,0.64426,0.461165,0.416927,0.221014,0.318262,0.669628,0.368446,0.204075,0.239484,0.323128,0.235242,0.396566,0.673053,0.57258,0.63009,0.546725,0.3514,0.382128,0.485587
u083,0.626915,0.683917,0.595552,0.692618,0.84324,0.570964,0.6859,0.688105,0.498997,0.539204,0.529123,0.588234,0.546957,0.352447,0.542801,0.453241,0.74243,0.746115,0.295651,0.257534,0.202473,0.46051,0.389612,0.248559,0.280712,0.131561,0.245351,0.327664,0.628455,0.676374,0.698393,0.467641,0.322739,0.284097,0.456762
u084,0.709681,0.675907,0.727773,0.645829,0.604478,0.225667,0.711659,0.681595,0.539768,0.583079,0.546941,0.441395,0.481354,0.400604,0.450324,0.378082,0.600253,0.394077,0.223072,0.309364,0.289153,0.546526,0.266238,0.274071,0.242594,0.185041,0.291739,0.420344,0.635556,0.649668,0.57947,0.618218,0.323708,0.302247,0.526826
u085,0.752337,0.67178,0.641159,0.700967,0.569985,0.400707,0.612265,0.577343,0.434407,0.516776,0.501916,0.478711,0.388956,0.42922,0.497374,0.493537,0.553651,0.567162,0.518722,0.319116,0.224332,0.591133,0.586675,0.336575,0.257008,0.680636,0.379586,0.555852,0.619529,0.701855,0.69572,0.569554,0.361639,0.365432,0.490196
u086,0.674899,0.650435,0.630001,0.53637,0.361453,0.307117,0.694836,0.66916,0.467003,0.572147,0.415856,0.451013,0.360382,0.371985,0.445378,0.418973,0.624203,0.359975,0.330477,0.27697,0.309261,0.334578,0.461686,0.335778,0.376983,0.29938,0.279135,0.543786,0.586368,0.548651,0.510293,0.5157,0.326229,0.276816,0.451351
u087,0.718749,0.701658,0.554167,0.641748,0.553806,0.356767,0.758566,0.684698,0.488594,0.565603,0.379376,0.542212,0.4168,0.390379,0.605086,0.454288,0.6843,0.540013,0.416442,0.177349,0.300521,0.63314,0.451303,0.216864,0.277337,0.379084,0.225215,0.455091,0.736721,0.605379,0.634887,0.455756,0.374232,0.276685,0.500158
u088,0.636754,0.542457,0.564423,0.603136,0.573534,0.314319,0.67903,0.599324,0.483923,0.52575,0.454765,0.486159,0.416496,0.437553,0.482758,0.552061,0.723932,0.535143,0.527701,0.312409,0.306442,0.580599,0.338768,0.326009,0.301337,0.397881,0.275008,0.293516,0.560967,0.562928,0.649142,0.468097,0.340039,0.247514,0.364764
u089,0.662563,0.671376,0.484736,0.660607,0.554612,0.376635,0.68213,0.51647,0.589253,0.659201,0.466207,0.540192,0.459516,0.398999,0.489723,0.504943,0.689578,0.513801,0.376202,0.526616,0.305062,0.612354,0.50966,0.553524,0.559719,0.639304,0.44334,0.558299,0.604378,0.579146,0.665866,0.543508,0.31687,0.468156,0.483713
u090,0.571884,0.682569,0.513667,0.613901,0.605271,0.378719,0.616924,0.57866,0.364155,0.609716,0.564794,0.499392,0.47771,0.316202,0.410797,0.450792,0.611516,0.621042,0.427423,0.294941,0.269098,0.862731,0.408456,0.317767,0.286342,0.368652,0.276653,0.590473,0.58408,0.506434,0.528181,0.541941,0.208113,0.382037,0.398539
u091,0.736158,0.614465,0.532859,0.561452,0.454081,0.267523,0.589528,0.598823,0.429208,0.566596,0.488275,0.516566,0.495377,0.516085,0.485769,0.478241,0.565618,0.224502,0.551556,0.282989,0.221528,0.230807,0.394469,0.148835,0.189573,0.447579,0.247724,0.200468,0.641378,0.646334,0.647853,0.529475,0.296848,0.317978,0.428847
u092,0.752122,0.766585,0.626937,0.666227,0.35324,0.444957,0.668007,0.469929,0.415157,0.619411,0.482043,0.542054,0.442806,0.308443,0.400373,0.325713,0.561812,0.58077,0.335461,0.26404,0.313777,0.579652,0.429263,0.310583,0.236823,0.377511,0.286239,0.655229,0.549544,0.523534,0.60486,0.498992,0.216802,0.318409,0.415933
u093,0.664109,0.626029,0.570158,0.587015,0.478085,0.387039,0.621557,0.622088,0.475506,0.549151,0.469329,0.53105,0.400148,0.465065,0.46376,0.482896,0.637497,0.620713,0.446372,0.276857,0.23166,0.666912,0.281079,0.317803,0.310881,0.397173,0.299166,0.374742,0.599907,0.454813,0.595379,0.464617,0.277634,0.368401,0.380638
u094,0.599236,0.663923,0.578505,0.620181,0.590567,0.240783,0.67434,0.533363,0.40137,0.65788,0.517287,0.565241,0.548486,0.481751,0.535235,0.269969,0.561219,0.545838,0.547095,0.324266,0.238424,0.670775,0.37427,0.260731,0.208669,0.237482,0.2219,0.329044,0.626672,0.531777,0.601594,0.607972,0.299561,0.334583,0.443405
u095,0.731184,0.698442,0.639824,0.666572,0.79796,0.547495,0.682313,0.616702,0.52768,0.513566,0.44059,0.493562,0.572311,0.422434,0.530771,0.507115,0.746926,0.656353,0.285292,0.218556,0.234548,0.406402,0.268949,0.189357,0.225135,0.202679,0.259735,0.351119,0.711595,0.620869,0.641224,0.49298,0.253793,0.347013,0.390008
u096,0.687382,0.761901,0.638663,0.699325,0.614314,0.338451,0.740423,0.664903,0.459829,0.521381,0.547631,0.541366,0.497908,0.401209,0.568454,0.40383,0.605225,0.350766,0.348508,0.216967,0.184081,0.533373,0.354529,0.263599,0.16484,0.26014,0.257592,0.270102,0.606166,0.564556,0.549684,0.452789,0.296654,0.30268,0.399669
u097,0.772865,0.632651,0.638341,0.690366,0.494213,0.289187,0.683294,0.601744,0.533298,0.660382,0.526471,0.528655,0.361853,0.418118,0.491228,0.490166,0.66909,0.601407,0.549648,0.409088,0.297685,0.553251,0.540033,0.471387,0.271203,0.543082,0.260568,0.521508,0.672246,0.657904,0.676848,0.56027,0.298757,0.290852,0.459836
u098,0.66983,0.659761,0.578284,0.666562,0.289264,0.320956,0.691365,0.656724,0.440472,0.620315,0.424198,0.490116,0.443743,0.457011,0.456173,0.361214,0.607545,0.325296,0.484126,0.278807,0.255975,0.40577,0.539702,0.334531,0.258526,0.359621,0.250525,0.524976,0.517781,0.589569,0.580232,0.530129,0.262997,0.223987,0.451819
u099,0.638424,0.680444,0.568777,0.650991,0.539575,0.319508,0.673356,0.592918,0.598389,0.584976,0.467133,0.535423,0.414286,0.354215,0.569996,0.519414,0.684523,0.557878,0.364165,0.288723,0.280119,0.596229,0.373102,0.280056,0.178176,0.395372,0.267707,0.460877,0.660458,0.536058,0.577921,0.370584,0.336247,0.396888,0.412624
u100,0.721855,0.587859,0.529123,0.620627,0.463338,0.259723,0.664512,0.55343,0.408129,0.439031,0.510769,0.603093,0.448244,0.47225,0.577699,0.542043,0.728191,0.601277,0.550794,0.214227,0.226447,0.615586,0.41554,0.314928,0.289277,0.292334,0.283104,0.315329,0.63672,0.658804,0.625087,0.472691,0.326523,0.33006,0.390333
u101,0.658892,0.606559,0.602177,0.588366,0.615389,0.419961,0.577397,0.591183,0.525898,0.600499,0.436003,0.500036,0.363707,0.420375,0.540952,0.543875,0.618763,0.462511,0.404509,0.441769,0.369114,0.597656,0.624397,0.541407,0.529494,0.628533,0.555576,0.603429,0.680171,0.775834,0.607222,0.598526,0.36772,0.447478,0.475044
u102,0.557591,0.639163,0.54622,0.534256,0.518177,0.541862,0.674963,0.593709,0.357093,0.500329,0.464388,0.425052,0.430893,0.367715,0.376322,0.432409,0.690957,0.50276,0.363293,0.202057,0.280977,0.880294,0.392816,0.272662,0.29415,0.352495,0.271623,0.5625,0.581841,0.587613,0.553035,0.489421,0.355446,0.194201,0.449496
u103,0.640368,0.652426,0.602414,0.520984,0.526164,0.247974,0.681432,0.669719,0.484028,0.560233,0.506611,0.519365,0.401354,0.398303,0.567907,0.464876,0.577633,0.186305,0.598767,0.300168,0.302099,0.286406,0.431491,0.417453,0.129384,0.359839,0.217458,0.334749,0.607067,0.584921,0.671101,0.552684,0.308807,0.33681,0.399144
u104,0.764329,0.725234,0.656131,0.713474,0.540027,0.424858,0.661074,0.524627,0.466709,0.64914,0.447414,0.511031,0.413425,0.348245,0.408818,0.352753,0.463448,0.485548,0.452078,0.315746,0.287123,0.578943,0.539669,0.295274,0.16724,0.443172,0.298869,0.59633,0.609628,0.58811,0.59308,0.500003,0.270812,0.214265,0.32597
u105,0.662031,0.574951,0.538356,0.545858,0.42124,0.329738,0.662403,0.636506,0.511613,0.503056,0.450604,0.520887,0.580562,0.448555,0.537417,0.428296,0.584752,0.658171,0.379553,0.359109,0.26096,0.717178,0.381337,0.271472,0.263303,0.406985,0.139856,0.437875,0.610084,0.528246,0.559476,0.401818,0.235227,0.249621,0.448697
u106,0.651818,0.652673,0.618685,0.565925,0.609701,0.251706,0.721949,0.612428,0.411492,0.543532,0.430935,0.536399,0.508963,0.427858,0.516213,0.508203,0.514543,0.517431,0.478579,0.274341,0.209616,0.601192,0.326736,0.127721,0.229334,0.289556,0.18505,0.3202,0.553634,0.473252,0.514348,0.651931,0.254683,0.339482,0.475099
u107,0.783223,0.73551,0.735517,0.704284,0.806459,0.568445,0.712502,0.689038,0.434098,0.495232,0.43038,0.470555,0.599073,0.386415,0.479162,0.480333,0.86931,0.664848,0.255889,0.184947,0.219631,0.486284,0.234929,0.155814,0.237996,0.173941,0.163647,0.273728,0.80041,0.65984,0.690559,0.426002,0.285689,0.32596,0.399723
u108,0.677706,0.71007,0.685902,0.684475,0.628133,0.231245,0.705606,0.671204,0.399755,0.616806,0.522667,0.550194,0.36135,0.344413,0.529835,0.444822,0.568859,0.291883,0.257274,0.297458,0.252511,0.503956,0.221061,0.327289,0.209748,0.204869,0.252872,0.460352,0.608349,0.46312,0.530204,0.532879,0.29956,0.288034,0.464029
u109,0.66974,0.591573,0.611726,0.684523,0.561448,0.331992,0.667073,0.70242,0.44985,0.625776,0.443178,0.491324,0.44192,0.3815,0.513138,0.49726,0.667618,0.525679,0.580364,0.349306,0.238469,0.606263,0.535184,0.432578,0.281313,0.639384,0.249116,0.587581,0.677478,0.664517,0.6382,0.549482,0.287704,0.251808,0.360086
u110,0.68546,0.685438,0.650101,0.622591,0.429595,0.33082,0.690171,0.636041,0.464133,0.672725,0.460862,0.481774,0.473357,0.471816,0.500506,0.433197,0.652656,0.433751,0.387587,0.280253,0.252153,0.394141,0.553912,0.213809,0.295641,0.293949,0.272761,0.505256,0.610807,0.603062,0.504218,0.517749,0.30037,0.268498,0.411818
u111,0.64845,0.648496,0.566614,0.663968,0.550381,0.269406,0.576687,0.628875,0.520941,0.512361,0.470674,0.503274,0.342673,0.36619,0.556474,0.475671,0.718384,0.51132,0.432795,0.289254,0.296538,0.623155,0.549516,0.252519,0.208697,0.389674,0.203975,0.42882,0.675758,0.644371,0.613588,0.413045,0.313936,0.366348,0.47973
u112,0.706233,0.647652,0.611343,0.578305,0.536126,0.286346,0.710131,0.607148,0.397716,0.53782,0.489016,0.589107,0.508331,0.434459,0.540823,0.556547,0.637029,0.523781,0.482295,0.273416,0.22558,0.665264,0.389072,0.424894,0.248643,0.323755,0.222914,0.360384,0.692686,0.669429,0.577649,0.466134,0.257533,0.257067,0.38726
u113,0.718905,0.723944,0.625714,0.574535,0.556137,0.322071,0.638086,0.593483,0.573642,0.661491,0.508911,0.567849,0.431791,0.464173,0.514409,0.437137,0.715052,0.533363,0.415435,0.492712,0.426118,0.588352,0.638964,0.554135,0.605893,0.662591,0.504143,0.58362,0.67641,0.630534,0.745153,0.523695,0.325505,0.488274,0.518812
u114,0.50162,0.650616,0.465004,0.571414,0.577282,0.44819,0.686271,0.491426,0.353213,0.52171,0.413644,0.456135,0.45627,0.330142,0.419362,0.375666,0.616237,0.519267,0.440854,0.214054,0.23641,0.855633,0.378768,0.235489,0.219263,0.370594,0.266882,0.698491,0.539023,0.571374,0.56838,0.4963,0.33303,0.268457,0.494693
u115,0.596246,0.559255,0.521199,0.523842,0.483309,0.254502,0.664307,0.623833,0.472478,0.556569,0.52883,0.529334,0.473206,0.339899,0.54246,0.474305,0.597563,0.26488,0.656885,0.280115,0.245475,0.222796,0.418259,0.202291,0.180297,0.411565,0.249597,0.215723,0.616497,0.601908,0.608954,0.456541,0.257673,0.251144,0.372132
u116,0.731732,0.620535,0.584891,0.660868,0.412222,0.414041,0.647099,0.533539,0.46273,0.613357,0.434199,0.423717,0.397672,0.36025,0.398914,0.399535,0.550422,0.596941,0.364901,0.329699,0.346414,0.683131,0.383824,0.256799,0.272295,0.417946,0.266085,0.556871,0.589179,0.552984,0.513411,0.5138,0.229757,0.258975,0.301866
u117,0.677955,0.627135,0.483348,0.587344,0.465607,0.386526,0.654845,0.60639,0.514624,0.579872,0.40111,0.514019,0.44898,0.37832,0.478296,0.558014,0.515034,0.611862,0.367416,0.437303,0.247507,0.744621,0.289265,0.269468,0.193025,0.415352,0.214954,0.459469,0.431828,0.557364,0.631046,0.454204,0.279222,0.250427,0.466141
u118,0.686425,0.675024,0.573913,0.626981,0.506781,0.261819,0.669465,0.586341,0.446503,0.595889,0.520451,0.552066,0.504221,0.51659,0.420827,0.471411,0.658332,0.517724,0.483182,0.204405,0.311246,0.694272,0.388513,0.27745,0.234617,0.187786,0.267285,0.413266,0.60156,0.517866,0.545424,0.59956,0.313806,0.291029,0.433778
u119,0.637793,0.669408,0.653223,0.676411,0.753782,0.684844,0.739442,0.712331,0.491885,0.557884,0.441891,0.529567,0.468982,0.39325,0.426897,0.441925,0.736112,0.58826,0.308636,0.130265,0.239451,0.490245,0.209228,0.280536,0.191497,0.219042,0.176658,0.305479,0.714822,0.58917,0.746732,0.472202,0.311074,0.26663,0.377948
u120,0.748464,0.654936,0.629518,0.760079,0.663718,0.354786,0.749836,0.64956,0.477274,0.625196,0.495358,0.58899,0.416168,0.363437,0.538309,0.487006,0.558316,0.408396,0.337665,0.32283,0.220878,0.532476,0.376255,0.29074,0.191083,0.291011,0.234182,0.347867,0.531124,0.598406,0.550251,0.564673,0.302189,0.25402,0.425178
u121,0.782184,0.630413,0.554899,0.646847,0.574346,0.354494,0.633274,0.727726,0.461564,0.646998,0.513849,0.600247,0.403086,0.436698,0.583477,0.51182,0.469773,0.51902,0.452641,0.339803,0.360462,0.655781,0.540087,0.316185,0.309513,0.539389,0.372805,0.603867,0.613041,0.591283,0.66782,0.516006,0.360513,0.288727,0.413981
u122,0.660386,0.683764,0.60555,0.624442,0.390627,0.331197,0.64876,0.577585,0.456975,0.58596,0.3761,0.598533,0.424196,0.456536,0.557653,0.430574,0.671342,0.281019,0.421061,0.340854,0.192012,0.385956,0.472747,0.315526,0.244806,0.325766,0.272454,0.506706,0.584187,0.623531,0.557268,0.557208,0.195424,0.160338,0.40539
u123,0.74086,0.580227,0.593153,0.605395,0.601063,0.341522,0.656425,0.577605,0.437933,0.531007,0.415068,0.52531,0.414391,0.292926,0.51202,0.421015,0.731968,0.503053,0.41646,0.225676,0.315355,0.519718,0.408861,0.291977,0.183508,0.3207,0.187154,0.423291,0.684783,0.601212,0.61425,0.450942,0.271865,0.293759,0.471921
u124,0.704347,0.589338,0.629296,0.644419,0.580268,0.329242,0.699648,0.583734,0.556009,0.508167,0.567804,0.438217,0.454357,0.329936,0.517105,0.572823,0.705858,0.620295,0.460558,0.264671,0.30134,0.598091,0.283936,0.320696,0.169847,0.346725,0.172551,0.319041,0.698802,0.517356,0.526487,0.507248,0.26897,0.295147,0.428069
u125,0.671989,0.604378,0.55295,0.617471,0.56875,0.335035,0.633462,0.523025,0.475824,0.703954,0.537345,0.460108,0.485526,0.379881,0.51547,0.467231,0.743018,0.502299,0.466052,0.504952,0.356471,0.651883,0.638475,0.556152,0.628111,0.651114,0.507356,0.537146,0.684383,0.715011,0.702279,0.602987,0.356186,0.381012,0.577399
u126,0.47947,0.578316,0.524949,0.588888,0.492052,0.41117,0.642238,0.443911,0.287114,0.445693,0.539075,0.40902,0.355781,0.303231,0.37777,0.390036,0.633856,0.481095,0.354365,0.216105,0.239343,0.878994,0.324694,0.301062,0.189272,0.370792,0.267265,0.611149,0.550079,0.627473,0.540171,0.481116,0.247171,0.346791,0.437932
u127,0.659839,0.553429,0.55332,0.475622,0.541326,0.205968,0.586092,0.637775,0.383746,0.568745,0.477414,0.511804,0.397859,0.353038,0.451106,0.440153,0.661002,0.306461,0.595406,0.244595,0.276731,0.215334,0.43834,0.173532,0.213824,0.417321,0.253067,0.137546,0.655451,0.57079,0.626192,0.514085,0.328921,0.231339,0.36806
u128,0.676695,0.684966,0.699267,0.617556,0.428931,0.467533,0.688639,0.507407,0.397973,0.598761,0.487499,0.519706,0.405331,0.388309,0.523335,0.403769,0.571938,0.593399,0.384384,0.350963,0.329944,0.594363,0.413578,0.20801,0.279788,0.531102,0.296041,0.527712,0.53401,0.508311,0.524732,0.50687,0.255754,0.301585,0.386965
u129,0.655009,0.61585,0.527576,0.542454,0.492517,0.391962,0.717435,0.672683,0.547825,0.57306,0.465731,0.488274,0.526887,0.427438,0.465837,0.413769,0.624938,0.645084,0.456658,0.390615,0.244885,0.721222,0.356644,0.263671,0.293192,0.322128,0.260791,0.451788,0.682641,0.537035,0.497129,0.472007,0.205392,0.327437,0.360127
u130,0.723807,0.614686,0.616475,0.633517,0.461364,0.215887,0.654041,0.59187,0.390438,0.64175,0.476879,0.541342,0.511091,0.496547,0.540252,0.3835,0.732955,0.488789,0.544428,0.238203,0.269719,0.603407,0.379303,0.351728,0.286354,0.24924,0.26189,0.425866,0.64607,0.547836,0.577347,0.474526,0.321054,0.296274,0.470915
u131,0.741619,0.660477,0.747739,0.781317,0.790091,0.568762,0.694468,0.765698,0.465968,0.527353,0.570488,0.628212,0.433761,0.356669,0.508905,0.399741,0.613026,0.59931,0.268667,0.169333,0.186582,0.43971,0.248447,0.202917,0.305781,0.266273,0.17721,0.38069,0.717123,0.672483,0.766513,0.554442,0.273888,0.225304,0.375949
u132,0.707134,0.676764,0.689344,0.663456,0.650542,0.305597,0.729239,0.768445,0.522115,0.663206,0.512375,0.524589,0.390486,0.387427,0.585962,0.452942,0.519794,0.36954,0.25905,0.246268,0.180992,0.460585,0.221561,0.251804,0.228146,0.27786,0.197754,0.317536,0.583595,0.617337,0.538664,0.623461,0.336137,0.271815,0.349472
u133,0.705311,0.727331,0.597679,0.691028,0.544806,0.290271,0.720109,0.678669,0.505383,0.659632,0.544731,0.4846,0.372197,0.343092,0.509228,0.484824,0.612567,0.60359,0.42769,0.427719,0.253676,0.592271,0.496522,0.380506,0.297555,0.645201,0.363777,0.433993,0.642047,0.715806,0.724248,0.516892,0.298054,0.330924,0.451871
u134,0.733916,0.607924,0.583192,0.67378,0.413277,0.304977,0.654172,0.717756,0.462125,0.613158,0.385154,0.549404,0.391456,0.468456,0.465132,0.491975,0.718258,0.366631,0.405562,0.336675,0.262266,0.382135,0.527443,0.262838,0.401915,0.355703,0.276797,0.617705,0.567445,0.489995,0.486069,0.552438,0.24182,0.248173,0.412721
u135,0.704126,0.604288,0.543697,0.620842,0.532377,0.232359,0.735663,0.652655,0.593704,0.567588,0.472112,0.526678,0.422478,0.377216,0.607649,0.463925,0.687628,0.442259,0.391923,0.300902,0.356693,0.644791,0.394221,0.30206,0.216436,0.383656,0.229754,0.383567,0.677343,0.617525,0.615769,0.467839,0.302178,0.260103,0.434798
u136,0.668877,0.625726,0.616908,0.636824,0.461402,0.339447,0.681983,0.621946,0.506969,0.58347,0.557273,0.557585,0.497278,0.493089,0.57317,0.424338,0.680101,0.611648,0.487022,0.242412,0.318679,0.630826,0.385567,0.224309,0.224819,0.346648,0.263724,0.333725,0.633667,0.621072,0.53208,0.542941,0.337912,0.210136,0.330617
u137,0.66796,0.639913,0.588325,0.645979,0.502195,0.368501,0.642779,0.658065,0.472439,0.568035,0.450042,0.491292,0.379551,0.398161,0.557327,0.545912,0.694527,0.543828,0.417235,0.562087,0.434461,0.651991,0.610295,0.532438,0.532944,0.698671,0.56722,0.617741,0.71641,0.539377,0.646998,0.661708,0.298388,0.50788,0.456717
u138,0.556015,0.669566,0.566992,0.521142,0.553443,0.357919,0.626976,0.527262,0.372263,0.572123,0.441521,0.465675,0.335485,0.349479,0.423714,0.387863,0.617383,0.593102,0.461054,0.278291,0.281038,0.877465,0.364611,0.279354,0.137465,0.266549,0.223403,0.660982,0.452165,0.564605,0.549115,0.596625,0.332475,0.352844,0.34271
u139,0.720575,0.663626,0.609625,0.624614,0.439963,0.224637,0.617755,0.556348,0.486558,0.624727,0.526655,0.606787,0.481861,0.486247,0.474986,0.441947,0.602694,0.23962,0.622548,0.226116,0.231816,0.149199,0.418264,0.262421,0.243281,0.40056,0.260512,0.264733,0.702285,0.608072,0.637977,0.490016,0.13134,0.328592,0.495676
u140,0.660223,0.677072,0.548371,0.719703,0.450181,0.441156,0.664331,0.516531,0.44216,0.569853,0.429596,0.467525,0.379947,0.364157,0.38253,0.437429,0.611429,0.561177,0.342888,0.30413,0.383325,0.590277,0.46248,0.347921,0.237811,0.483709,0.318381,0.614512,0.500182,0.544911,0.549962,0.550821,0.225396,0.24865,0.283502
u141,0.682877,0.639843,0.583971,0.609655,0.48627,0.445654,0.572605,0.603718,0.538655,0.525551,0.385879,0.43261,0.503721,0.434171,0.536682,0.43829,0.676321,0.598613,0.389808,0.33537,0.237565,0.698826,0.314709,0.270738,0.283416,0.326789,0.33979,0.405214,0.558078,0.606445,0.585928,0.568289,0.253012,0.341219,0.388767
u142,0.744766,0.628311,0.606527,0.647259,0.506433,0.238894,0.703538,0.568039,0.495262,0.569861,0.536887,0.521601,0.446132,0.563596,0.504277,0.394556,0.603182,0.563822,0.526397,0.244017,0.24067,0.705531,0.407391,0.268695,0.193465,0.332163,0.30073,0.309373,0.54868,0.634737,0.588062,0.490639,0.216877,0.365538,0.506872
u143,0.696055,0.605404,0.71986,0.735534,0.810307,0.577903,0.678083,0.686781,0.516051,0.524279,0.422553,0.496584,0.520036,0.385848,0.461047,0.410491,0.770007,0.641319,0.39629,0.316868,0.285621,0.366745,0.283873,0.217261,0.234651,0.297901,0.237681,0.419326,0.767375,0.659896,0.606031,0.436919,0.315628,0.285844,0.36324
u144,0.832443,0.610992,0.669338,0.694682,0.647551,0.307424,0.755785,0.624317,0.416587,0.53496,0.535533,0.513415,0.425621,0.385827,0.497892,0.369604,0.597435,0.378371,0.184212,0.317581,0.217099,0.546495,0.285339,0.285903,0.198801,0.264995,0.305284,0.412739,0.702158,0.658417,0.589597,0.641831,0.357083,0.266418,0.414019
u145,0.652393,0.671551,0.64911,0.618613,0.555449,0.334187,0.601081,0.673765,0.526499,0.579914,0.527708,0.527048,0.55332,0.439644,0.574331,0.366525,0.638647,0.588687,0.526239,0.380253,0.31766,0.621201,0.524323,0.357941,0.335385,0.615972,0.276753,0.540905,0.638994,0.674716,0.694641,0.558033,0.311861,0.287815,0.413555
u146,0.642254,0.598345,0.600338,0.603933,0.360612,0.35199,0.637637,0.658045,0.491284,0.624356,0.37744,0.548715,0.453638,0.381545,0.567203,0.421138,0.621665,0.375849,0.351101,0.28407,0.164841,0.465304,0.579822,0.351239,0.27173,0.263158,0.258285,0.5937,0.618075,0.583301,0.555692,0.595467,0.273166,0.264748,0.432576
u147,0.703188,0.605821,0.596194,0.541733,0.524928,0.419191,0.78287,0.677916,0.618213,0.614739,0.429261,0.497545,0.415708,0.197872,0.63057,0.41002,0.64963,0.51491,0.289244,0.264569,0.217768,0.607067,0.365479,0.348126,0.22568,0.304966,0.165594,0.322627,0.716992,0.527983,0.558684,0.384511,0.351112,0.186857,0.443732
u148,0.657872,0.48812,0.630177,0.611106,0.55965,0.311231,0.759051,0.468073,0.481348,0.614236,0.514971,0.475305,0.452782,0.517686,0.507801,0.466281,0.729282,0.530516,0.526895,0.291104,0.32897,0.613672,0.350974,0.290405,0.264925,0.331577,0.224155,0.342811,0.701713,0.620726,0.634761,0.563909,0.365758,0.315882,0.502105
u149,0.783448,0.586283,0.591842,0.645166,0.527874,0.389626,0.713156,0.638053,0.477661,0.616374,0.531798,0.594476,0.365325,0.383273,0.520167,0.551463,0.702773,0.545286,0.438415,0.524576,0.393187,0.586827,0.519154,0.499064,0.557189,0.715682,0.586434,0.56941,0.680393,0.707148,0.654218,0.565915,0.273779,0.435745,0.54738
u150,0.552437,0.72994,0.488598,0.559769,0.573388,0.551495,0.562254,0.500373,0.412626,0.491459,0.45686,0.36946,0.37223,0.286986,0.346016,0.495961,0.619624,0.570672,0.404131,0.181965,0.265793,0.771341,0.39205,0.254351,0.28457,0.314932,0.229022,0.56621,0.635509,0.496625,0.494513,0.447407,0.347392,0.38457,0.382126
u151,0.655938,0.584705,0.589687,0.634574,0.526707,0.318567,0.649712,0.606501,0.383706,0.573474,0.559988,0.569812,0.429428,0.458728,0.504352,0.469746,0.614472,0.220505,0.625305,0.168516,0.309252,0.295625,0.438765,0.162999,0.240354,0.417427,0.254023,0.237391,0.651363,0.618846,0.601531,0.489961,0.279443,0.308843,0.376158
u152,0.692897,0.620997,0.614946,0.622556,0.469099,0.502001,0.615979,0.476507,0.477789,0.57923,0.501015,0.49892,0.435074,0.347016,0.37397,0.391984,0.516369,0.453815,0.391419,0.31491,0.283974,0.662646,0.389024,0.221056,0.249755,0.548459,0.25617,0.649768,0.574027,0.491135,0.499082,0.484995,0.231216,0.237139,0.341508
u153,0.562911,0.537151,0.565003,0.552371,0.398568,0.401063,0.634874,0.592593,0.515188,0.521354,0.456944,0.543873,0.510119,0.381153,0.546909,0.476295,0.607753,0.649882,0.400373,0.364626,0.29097,0.743115,0.438716,0.230454,0.261469,0.409371,0.203023,0.380757,0.632085,0.605033,0.531303,0.464035,0.324581,0.404012,0.363425
u154,0.646688,0.673124,0.669851,0.571365,0.449862,0.285819,0.620807,0.566389,0.451898,0.609067,0.565361,0.506843,0.511851,0.52989,0.510753,0.483074,0.634384,0.535252,0.521416,0.264064,0.160464,0.597179,0.317446,0.315212,0.283106,0.195553,0.134594,0.266748,0.651851,0.600526,0.615219,0.573087,0.254045,0.318421,0.391829
u155,0.702748,0.616607,0.661115,0.700154,0.889016,0.582459,0.659745,0.723253,0.587234,0.52814,0.371762,0.511837,0.522497,0.409,0.572346,0.481967,0.677929,0.778626,0.147506,0.182189,0.239775,0.399135,0.297179,0.27908,0.272194,0.237623,0.233314,0.36464,0.696917,0.610819,0.609642,0.610765,0.25936,0.345102,0.400426
u156,0.70785,0.672667,0.643222,0.654076,0.654772,0.297755,0.716903,0.640673,0.443777,0.595743,0.483406,0.548987,0.40985,0.451405,0.486789,0.418295,0.590547,0.419241,0.301663,0.333075,0.304971,0.476164,0.267244,0.31278,0.180535,0.34446,0.312268,0.332988,0.601113,0.576141,0.614913,0.598485,0.276793,0.238732,0.411629
u157,0.736101,0.711726,0.602138,0.666834,0.540138,0.343151,0.640411,0.614138,0.510279,0.634033,0.520785,0.56494,0.428303,0.330445,0.513396,0.586231,0.600048,0.602913,0.515459,0.389632,0.322164,0.625257,0.535292,0.435303,0.365031,0.631205,0.275757,0.532691,0.606581,0.653869,0.700747,0.534633,0.355473,0.298445,0.552988
u158,0.774125,0.677939,0.645372,0.636665,0.441966,0.254797,0.613631,0.523719,0.515746,0.604091,0.34112,0.401852,0.373438,0.442197,0.513995,0.414894,0.529353,0.333467,0.309295,0.299851,0.234757,0.37744,0.576992,0.186987,0.306434,0.296895,0.267608,0.500997,0.606107,0.562317,0.56585,0.510523,0.196792,0.324783,0.405892
u159,0.715221,0.572901,0.571799,0.608507,0.671596,0.350968,0.672094,0.618892,0.440362,0.634861,0.528202,0.540379,0.464642,0.305844,0.607269,0.429951,0.644285,0.527371,0.416296,0.317619,0.296156,0.665844,0.462702,0.327383,0.285064,0.309701,0.284469,0.360362,0.661806,0.520059,0.598331,0.477456,0.290378,0.291156,0.410441
u160,0.719659,0.599848,0.60914,0.565601,0.50377,0.303253,0.674565,0.510562,0.40091,0.639919,0.421267,0.421947,0.441821,0.420755,0.527981,0.570131,0.690085,0.621638,0.545001,0.122683,0.295406,0.607201,0.344254,0.312326,0.223005,0.358036,0.369224,0.374585,0.650506,0.602625,0.59374,0.498855,0.304874,0.282613,0.373676
u161,0.582259,0.605448,0.553633,0.506771,0.614333,0.385066,0.664836,0.617204,0.581985,0.649466,0.546483,0.520186,0.433469,0.49961,0.535268,0.502607,0.642764,0.536327,0.448466,0.479076,0.377173,0.627012,0.658944,0.560915,0.583162,0.670393,0.571857,0.576344,0.711631,0.662121,0.734119,0.55929,0.305264,0.416769,0.580698
u162,0.629875,0.575808,0.461083,0.553108,0.558728,0.339756,0.570888,0.514541,0.364687,0.559003,0.561672,0.470487,0.441727,0.377016,0.44636,0.389673,0.648443,0.597428,0.42072,0.261709,0.257404,0.779455,0.319408,0.223332,0.27656,0.358576,0.269427,0.511879,0.545175,0.550559,0.578059,0.522331,0.244983,0.34086,0.303171
u163,0.67117,0.654223,0.573226,0.574499,0.486735,0.24757,0.63948,0.538686,0.48909,0.59895,0.543527,0.443,0.469062,0.468184,0.558864,0.436203,0.55367,0.260171,0.519994,0.164031,0.286036,0.231867,0.41966,0.252472,0.269609,0.381807,0.220953,0.216215,0.676452,0.594989,0.672942,0.558302,0.298046,0.333351,0.398171
u164,0.634988,0.664245,0.610095,0.672294,0.322411,0.45066,0.627003,0.499369,0.452641,0.523376,0.523059,0.466318,0.388084,0.353462,0.480284,0.456064,0.408339,0.563798,0.446264,0.337757,0.377307,0.652135,0.413379,0.22256,0.20073,0.403176,0.212848,0.601459,0.634957,0.492714,0.464009,0.577047,0.27483,0.254461,0.440498
u165,0.666854,0.58376,0.556244,0.581559,0.361671,0.393583,0.620746,0.508039,0.451558,0.565381,0.501828,0.484556,0.518823,0.44516,0.481924,0.526201,0.597408,0.790346,0.369012,0.276994,0.201893,0.689403,0.381691,0.252536,0.264271,0.417457,0.199134,0.463816,0.574417,0.555307,0.487464,0.467738,0.339718,0.299504,0.392611
u166,0.544202,0.626658,0.592605,0.58089,0.530567,0.244873,0.691516,0.628268,0.42284,0.555112,0.501191,0.552136,0.499645,0.51819,0.532335,0.38116,0.587103,0.533536,0.498403,0.276235,0.304206,0.673224,0.449171,0.145716,0.242456,0.249348,0.188656,0.365203,0.680601,0.61328,0.49737,0.576007,0.303,0.315499,0.441248
u167,0.684233,0.678234,0.613827,0.7004,0.743648,0.582506,0.693026,0.741022,0.561275,0.558875,0.357534,0.600723,0.464515,0.420636,0.493508,0.371063,0.724493,0.729367,0.387845,0.268638,0.278048,0.398356,0.251402,0.294263,0.270886,0.230905,0.267415,0.305946,0.718356,0.639361,0.705579,0.526203,0.433681,0.28859,0.355818
u168,0.7497,0.666092,0.549722,0.613356,0.586267,0.367288,0.624404,0.63347,0.483608,0.596754,0.571048,0.499993,0.43607,0.397753,0.516708,0.371536,0.674963,0.415568,0.229997,0.309447,0.303577,0.47456,0.297865,0.293821,0.171768,0.306697,0.163426,0.257846,0.634563,0.46855,0.534586,0.53873,0.327767,0.309686,0.47921
u169,0.810315,0.664862,0.549163,0.68763,0.535906,0.354879,0.742564,0.52185,0.466454,0.613949,0.454741,0.533948,0.460296,0.412439,0.614466,0.383058,0.66506,0.482585,0.544506,0.351532,0.248513,0.53262,0.479789,0.368048,0.225096,0.481064,0.300429,0.531063,0.594635,0.692286,0.665794,0.578343,0.347402,0.384086,0.403479
u170,0.724752,0.581525,0.624947,0.631348,0.350461,0.179752,0.667225,0.563111,0.598556,0.62524,0.404128,0.575717,0.435804,0.435734,0.42469,0.419651,0.592209,0.333321,0.334941,0.292042,0.238006,0.366143,0.59823,0.245018,0.226852,0.307993,0.206665,0.507895,0.5747,0.527861,0.510721,0.521213,0.268018,0.298152,0.432817
u171,0.599871,0.663558,0.63546,0.629414,0.58655,0.301195,0.642747,0.693872,0.655534,0.585183,0.451583,0.5066,0.432979,0.382725,0.518401,0.414518,0.681838,0.539143,0.395507,0.284884,0.241088,0.644073,0.52925,0.221373,0.27003,0.350616,0.229643,0.408068,0.58992,0.556333,0.489091,0.429012,0.298524,0.338421,0.49813
u172,0.620141,0.628511,0.608244,0.631053,0.45362,0.279439,0.617696,0.584346,0.453399,0.590452,0.491633,0.485469,0.403561,0.433303,0.60311,0.450031,0.675765,0.538854,0.519302,0.258774,0.254061,0.68345,0.394534,0.23662,0.17477,0.345011,0.196036,0.311037,0.718544,0.673732,0.644667,0.533712,0.253976,0.245001,0.426314
u173,0.71936,0.645837,0.630326,0.642443,0.636335,0.298847,0.675435,0.599214,0.515042,0.604388,0.463313,0.499353,0.45357,0.516996,0.597392,0.480873,0.675126,0.57173,0.459351,0.476689,0.283941,0.549062,0.553775,0.532612,0.56898,0.674596,0.564903,0.635414,0.643528,0.648118,0.705915,0.467814,0.385123,0.39119,0.551256
u174,0.578832,0.631231,0.575385,0.535325,0.550546,0.471268,0.635861,0.451232,0.389814,0.565965,0.563773,0.410068,0.495737,0.394117,0.393573,0.317067,0.665643,0.558791,0.412652,0.23951,0.316528,0.84505,0.363972,0.231113,0.301644,0.296577,0.266423,0.600808,0.566336,0.630082,0.544525,0.545093,0.345107,0.31253,0.426915
u175,0.700283,0.650111,0.627995,0.541399,0.497613,0.254306,0.636324,0.67603,0.41607,0.507434,0.464719,0.537387,0.425842,0.455378,0.517038,0.368709,0.593543,0.28926,0.563821,0.203311,0.263814,0.220309,0.413629,0.302602,0.233261,0.405447,0.231666,0.199213,0.60297,0.642672,0.630232,0.606156,0.195198,0.259813,0.487418
u176,0.680662,0.62381,0.630096,0.70672,0.412982,0.436356,0.66814,0.545251,0.468566,0.578932,0.323315,0.538328,0.459479,0.430042,0.485079,0.46749,0.543364,0.574866,0.517381,0.244484,0.310375,0.654886,0.357594,0.331998,0.261405,0.37642,0.234426,0.621275,0.54614,0.636284,0.571591,0.49668,0.336769,0.259024,0.327089
u177,0.63418,0.648123,0.519751,0.517767,0.387374,0.289593,0.584194,0.613989,0.460185,0.510688,0.390809,0.531549,0.567265,0.376854,0.539156,0.503747,0.687635,0.712046,0.3479,0.312029,0.282533,0.667822,0.436323,0.26107,0.264312,0.3925,0.278465,0.445449,0.652917,0.579281,0.578643,0.449433,0.323953,0.394121,0.379675
u178,0.638265,0.659816,0.594421,0.638236,0.519152,0.188792,0.565723,0.622671,0.519465,0.545903,0.483877,0.437494,0.49323,0.521509,0.453283,0.43434,0.533393,0.434698,0.486025,0.184507,0.24853,0.710322,0.439968,0.200469,0.247672,0.232277,0.27897,0.294706,0.623892,0.568335,0.518392,0.508622,0.246054,0.393925,0.481369
u179,0.75005,0.614567,0.620578,0.717628,0.8458,0.502331,0.691478,0.687416,0.465067,0.543377,0.497031,0.584186,0.406147,0.407925,0.45074,0.388308,0.773727,0.667692,0.247895,0.198725,0.208041,0.452574,0.274657,0.235109,0.272814,0.259572,0.259466,0.266061,0.710036,0.625388,0.711219,0.492383,0.236346,0.236507,0.451164
u180,0.63115,0.69753,0.708113,0.712861,0.603591,0.285649,0.71288,0.602523,0.538711,0.554209,0.50487,0.544749,0.378155,0.408149,0.548364,0.469097,0.610468,0.29584,0.319877,0.216894,0.236735,0.574711,0.351071,0.294642,0.242914,0.146578,0.180745,0.381333,0.601666,0.542273,0.489073,0.573749,0.247485,0.258527,0.417224
u181,0.648187,0.760451,0.654323,0.724856,0.5421,0.450606,0.671033,0.73016,0.507914,0.652368,0.571199,0.519198,0.425706,0.447385,0.596322,0.568785,0.687889,0.655178,0.571453,0.368308,0.272393,0.662019,0.469475,0.405366,0.341896,0.608326,0.240944,0.511433,0.601531,0.647467,0.71032,0.564508,0.374082,0.323295,0.417621
u182,0.691167,0.591938,0.512191,0.590447,0.431295,0.294616,0.65944,0.631378,0.570747,0.5801,0.396256,0.562286,0.444681,0.389003,0.56307,0.48631,0.599379,0.330658,0.373678,0.375163,0.264934,0.407656,0.527414,0.260747,0.240081,0.356273,0.27602,0.578201,0.649227,0.47306,0.575489,0.461599,0.226413,0.314181,0.360501
u183,0.670243,0.687214,0.590899,0.599284,0.465263,0.260876,0.612356,0.638756,0.50416,0.627468,0.450486,0.533452,0.420221,0.371379,0.624324,0.417695,0.76167,0.511954,0.34712,0.246698,0.268521,0.622197,0.404399,0.299973,0.359997,0.341206,0.181069,0.328283,0.727926,0.662019,0.582195,0.406748,0.331763,0.330158,0.391076
u184,0.802514,0.614282,0.639707,0.551545,0.517199,0.338396,0.556859,0.534517,0.497717,0.550471,0.524673,0.583348,0.360396,0.400788,0.518391,0.571658,0.687169,0.677081,0.489172,0.184694,0.296903,0.675099,0.345845,0.416863,0.221793,0.314551,0.346661,0.384951,0.60635,0.550463,0.603779,0.539571,0.266066,0.257589,0.386293
u185,0.686247,0.673043,0.574968,0.621179,0.499344,0.366392,0.602307,0.602129,0.611346,0.636799,0.482784,0.466702,0.452493,0.414844,0.576014,0.511472,0.609854,0.575205,0.424097,0.587621,0.327091,0.620441,0.544924,0.525273,0.567226,0.527729,0.526659,0.568439,0.622912,0.592449,0.724289,0.58377,0.383187,0.466702,0.539203
u186,0.573624,0.692585,0.617233,0.587609,0.582203,0.398584,0.675957,0.55974,0.403053,0.524997,0.556625,0.462465,0.497036,0.332127,0.366677,0.348481,0.682474,0.554868,0.432183,0.22502,0.237999,0.766675,0.322381,0.227972,0.227792,0.322591,0.288408,0.5136,0.602581,0.557959,0.586169,0.538392,0.297634,0.27393,0.401316
u187,0.607126,0.583569,0.541484,0.571358,0.425653,0.259918,0.673113,0.658125,0.401259,0.505637,0.529877,0.4813,0.450372,0.47516,0.495593,0.487606,0.505935,0.261845,0.534341,0.29067,0.200635,0.219102,0.350028,0.281899,0.206041,0.457928,0.34241,0.311193,0.653996,0.637333,0.698536,0.49345,0.326592,0.237784,0.393239
u188,0.701709,0.60223,0.693372,0.703454,0.462665,0.479988,0.69401,0.598532,0.431271,0.59043,0.491232,0.503052,0.379644,0.456289,0.369466,0.421608,0.568806,0.500721,0.305506,0.291253,0.363117,0.634596,0.394583,0.266524,0.157943,0.402768,0.237669,0.580161,0.550745,0.544559,0.518211,0.479736,0.240813,0.235547,0.383516
u189,0.649998,0.59283,0.530546,0.546814,0.469013,0.374566,0.618947,0.593943,0.529679,0.656056,0.438795,0.533251,0.422502,0.460444,0.486904,0.398305,0.624687,0.67057,0.400629,0.327111,0.269877,0.68033,0.297033,0.270472,0.211572,0.41708,0.261948,0.527563,0.589098,0.579716,0.518375,0.434691,0.420259,0.301856,0.322635
u190,0.576371,0.661376,0.650284,0.497191,0.58648,0.267485,0.676415,0.648907,0.44311,0.595549,0.414433,0.603024,0.466551,0.559148,0.495771,0.430579,0.56819,0.506182,0.518695,0.24286,0.207475,0.719244,0.331617,0.287766,0.277834,0.248103,0.240814,0.323723,0.623908,0.535471,0.613818,0.53574,0.269921,0.33746,0.33627
u191,0.79183,0.737918,0.729577,0.742422,0.794071,0.549326,0.780628,0.699857,0.531402,0.502732,0.521034,0.545513,0.481063,0.459675,0.487224,0.3566,0.765764,0.657477,0.263207,0.246427,0.269934,0.440557,0.268925,0.21421,0.264061,0.259077,0.272374,0.27341,0.742008,0.698315,0.678548,0.477693,0.307299,0.26408,0.422665
u192,0.69083,0.679543,0.578888,0.660843,0.652501,0.324376,0.71718,0.647438,0.558554,0.531436,0.570274,0.506927,0.470773,0.406633,0.448982,0.491471,0.540797,0.287126,0.247818,0.225222,0.270142,0.548751,0.282019,0.29963,0.140663,0.183228,0.278333,0.348225,0.554656,0.572141,0.566077,0.512986,0.364003,0.275348,0.337497
u193,0.637252,0.6838,0.64878,0.674519,0.551688,0.292561,0.568424,0.668533,0.559532,0.610609,0.548525,0.554752,0.530762,0.421774,0.618218,0.503471,0.673765,0.542739,0.429177,0.388264,0.239342,0.657542,0.455051,0.417614,0.282874,0.535434,0.321514,0.509621,0.687265,0.651768,0.689423,0.553111,0.33208,0.219471,0.443767
u194,0.67575,0.601617,0.608664,0.52427,0.242612,0.356195,0.653387,0.582333,0.567112,0.634464,0.466835,0.436705,0.305605,0.431582,0.45125,0.521868,0.623834,0.332704,0.359741,0.315086,0.307219,0.355577,0.516385,0.223731,0.234893,0.264,0.292212,0.525693,0.545304,0.545334,0.583004,0.47581,0.272883,0.24615,0.400067
u195,0.611111,0.63892,0.591648,0.602459,0.574276,0.285677,0.687813,0.619814,0.52764,0.574926,0.460847,0.489297,0.437622,0.331826,0.529344,0.458041,0.703293,0.613123,0.389273,0.243153,0.167101,0.667768,0.317599,0.307798,0.327068,0.492406,0.271541,0.410019,0.609251,0.574174,0.560734,0.423267,0.409395,0.381177,0.43085
u196,0.612098,0.61625,0.663104,0.609349,0.590824,0.286848,0.631579,0.609969,0.407972,0.492992,0.481024,0.562308,0.459156,0.486794,0.559694,0.464619,0.767259,0.614526,0.471333,0.205141,0.315576,0.630782,0.352466,0.261306,0.314676,0.23296,0.225285,0.243805,0.605093,0.587508,0.645911,0.578583,0.266164,0.295145,0.473286
u197,0.687762,0.671745,0.576849,0.536516,0.522233,0.373662,0.677823,0.593948,0.587622,0.649817,0.536107,0.530718,0.491259,0.349087,0.528339,0.567976,0.633168,0.565942,0.468375,0.473259,0.401656,0.643137,0.615017,0.569327,0.498297,0.706401,0.60405,0.630442,0.701706,0.683009,0.611629,0.590045,0.282612,0.449906,0.419141
u198,0.645347,0.610824,0.620537,0.534781,0.523386,0.355846,0.633534,0.479248,0.370354,0.509431,0.557307,0.443134,0.399369,0.378164,0.360704,0.402613,0.701521,0.609948,0.482297,0.272868,0.263107,0.949427,0.375866,0.262041,0.28047,0.260631,0.217934,0.584316,0.584194,0.563572,0.577499,0.526157,0.341153,0.24615,0.422846
u199,0.69779,0.664107,0.523843,0.529317,0.540038,0.270448,0.647951,0.677104,0.456124,0.515357,0.562949,0.56551,0.484764,0.481479,0.443943,0.492945,0.611886,0.233599,0.666787,0.186794,0.27418,0.228604,0.364209,0.233617,0.301109,0.385366,0.271642,0.245509,0.725248,0.609838,0.611994,0.601558,0.283559,0.276749,0.427033
u200,0.729434,0.67094,0.549281,0.592272,0.37079,0.473211,0.627567,0.529141,0.375831,0.672506,0.423588,0.434345,0.409244,0.365317,0.459484,0.483107,0.496982,0.589352,0.47013,0.325345,0.299566,0.582333,0.452784,0.289591,0.294189,0.464171,0.285073,0.630248,0.500112,0.47566,0.541312,0.544426,0.283171,0.199975,0.40135
u201,0.714513,0.679475,0.525287,0.485837,0.423594,0.391369,0.657918,0.56248,0.496053,0.556115,0.365508,0.405679,0.420453,0.466702,0.496899,0.474805,0.615925,0.748027,0.413816,0.386818,0.248751,0.636018,0.37698,0.24869,0.248048,0.240931,0.15277,0.394943,0.499346,0.536016,0.515233,0.362091,0.341428,0.232984,0.349862
u202,0.682324,0.612688,0.625834,0.611525,0.562984,0.339995,0.592436,0.595817,0.474901,0.572583,0.601578,0.56164,0.498979,0.398539,0.541383,0.327781,0.561031,0.605171,0.514321,0.248171,0.244959,0.688201,0.447777,0.213546,0.191082,0.177555,0.227242,0.289236,0.676673,0.570852,0.578524,0.573832,0.320837,0.323379,0.438604
u203,0.748864,0.799664,0.65513,0.745334,0.893651,0.527825,0.719912,0.704049,0.559489,0.491732,0.451899,0.499213,0.483567,0.322367,0.548917,0.456812,0.733225,0.705782,0.209346,0.17509,0.252327,0.468455,0.307806,0.305403,0.225033,0.319234,0.247748,0.303306,0.767175,0.622909,0.715594,0.512051,0.329575,0.244129,0.334249
u204,0.705424,0.633508,0.592986,0.691784,0.600518,0.371801,0.737272,0.61571,0.513392,0.571956,0.579771,0.600856,0.43834,0.345495,0.502689,0.512769,0.606978,0.44977,0.220122,0.304395,0.24598,0.530203,0.397346,0.380915,0.342608,0.27441,0.286016,0.421302,0.623478,0.544194,0.471831,0.645423,0.304258,0.270342,0.461224
u205,0.654835,0.637455,0.644821,0.632138,0.516081,0.21594,0.681836,0.682716,0.512297,0.721979,0.478348,0.512048,0.3492,0.416024,0.425111,0.546231,0.59158,0.593228,0.4698,0.322617,0.272893,0.615764,0.576893,0.371926,0.277938,0.589914,0.289691,0.51901,0.675022,0.633584,0.709405,0.588416,0.2732,0.328872,0.436334
u206,0.755076,0.684076,0.649219,0.660388,0.371853,0.314609,0.617709,0.544262,0.534255,0.63549,0.425761,0.484909,0.448527,0.432292,0.49532,0.51584,0.584399,0.316109,0.357229,0.296366,0.263854,0.390991,0.593798,0.281508,0.223524,0.274784,0.269757,0.55168,0.60833,0.551334,0.547527,0.480914,0.158063,0.253325,0.402178
u207,0.639851,0.574214,0.477064,0.700376,0.568937,0.345749,0.681683,0.675736,0.518212,0.515302,0.539372,0.526549,0.396289,0.299115,0.672133,0.489897,0.643926,0.581872,0.412493,0.321933,0.281862,0.627122,0.390275,0.309586,0.224556,0.352421,0.256764,0.420074,0.703382,0.533232,0.50386,0.539983,0.263831,0.341778,0.500716
u208,0.70403,0.675631,0.631098,0.598291,0.500386,0.261672,0.691736,0.511309,0.413153,0.593709,0.517319,0.510971,0.392038,0.471305,0.562181,0.534631,0.626502,0.58652,0.449623,0.278133,0.266452,0.661093,0.369115,0.298497,0.246814,0.329337,0.289591,0.349841,0.682161,0.612782,0.568641,0.430843,0.307131,0.353303,0.398409
u209,0.631884,0.606449,0.598426,0.62349,0.54481,0.397441,0.63527,0.534053,0.497857,0.686947,0.533508,0.585628,0.398549,0.419327,0.515917,0.505425,0.696586,0.576635,0.398354,0.64607,0.304764,0.557719,0.537808,0.611596,0.521089,0.676171,0.520977,0.574732,0.596364,0.657216,0.641801,0.514754,0.463956,0.420086,0.531979
u210,0.60895,0.604832,0.560594,0.582794,0.48543,0.492916,0.636038,0.601862,0.426745,0.619222,0.497379,0.491785,0.415473,0.345918,0.446367,0.37703,0.681448,0.546514,0.386091,0.239539,0.225184,0.919808,0.385984,0.373778,0.260415,0.354257,0.217973,0.58457,0.583779,0.597581,0.575789,0.43294,0.252462,0.369447,0.406544
u211,0.626607,0.695349,0.53044,0.607077,0.539996,0.219348,0.679938,0.571485,0.420797,0.60968,0.540357,0.494275,0.442966,0.380211,0.486776,0.453931,0.538498,0.208952,0.652604,0.227133,0.298865,0.251851,0.403152,0.32111,0.290347,0.431449,0.303953,0.291173,0.603255,0.644038,0.664109,0.502162,0.23207,0.279992,0.358745
u212,0.694667,0.684712,0.665209,0.608943,0.427414,0.391601,0.72605,0.523716,0.484825,0.633548,0.336937,0.597142,0.424347,0.331392,0.324672,0.39745,0.59465,0.548395,0.431667,0.308627,0.262405,0.68509,0.413876,0.335325,0.301229,0.425096,0.239905,0.534967,0.514729,0.487323,0.519182,0.5789,0.317089,0.322719,0.322148
u213,0.618211,0.578146,0.558,0.610517,0.443397,0.300096,0.647658,0.656859,0.539563,0.574265,0.417378,0.498869,0.495067,0.42576,0.446174,0.461916,0.550542,0.714718,0.355463,0.331192,0.226558,0.723817,0.378957,0.279394,0.222602,0.352461,0.191344,0.464785,0.614654,0.543324,0.511446,0.397573,0.225386,0.331838,0.382042
u214,0.579631,0.643419,0.594453,0.562715,0.557197,0.260594,0.695251,0.610427,0.483413,0.592549,0.532576,0.60316,0.524198,0.465893,0.601352,0.39325,0.600216,0.448623,0.513644,0.31709,0.245422,0.670752,0.333398,0.163755,0.242657,0.263586,0.193116,0.325642,0.650662,0.500887,0.555563,0.547524,0.31827,0.330053,0.410919
u215,0.612395,0.623516,0.667611,0.669702,0.830668,0.565384,0.705038,0.720133,0.505125,0.432349,0.367225,0.45275,0.512923,0.349931,0.482594,0.428663,0.688052,0.744889,0.305595,0.190129,0.241279,0.356354,0.303194,0.305726,0.23985,0.286475,0.244767,0.281175,0.654665,0.718577,0.7118,0.596188,0.273193,0.2896,0.381791
u216,0.718259,0.616114,0.768536,0.684651,0.605123,0.254943,0.618938,0.565619,0.560911,0.544868,0.486567,0.436655,0.476302,0.468128,0.553479,0.380562,0.579431,0.44075,0.293615,0.191785,0.3362,0.532121,0.356805,0.307599,0.28033,0.224646,0.201543,0.408564,0.557607,0.639424,0.602044,0.562761,0.385376,0.301945,0.437335
u217,0.750188,0.69867,0.606446,0.714145,0.540358,0.401924,0.639455,0.720425,0.552857,0.638395,0.523778,0.543981,0.413175,0.38646,0.518228,0.531441,0.682982,0.580248,0.498063,0.339572,0.251804,0.614685,0.452482,0.32559,0.308448,0.618631,0.25546,0.503924,0.688123,0.596498,0.59876,0.579791,0.339647,0.371937,0.484591
u218,0.646863,0.647792,0.570426,0.597531,0.255732,0.351525,0.583902,0.673581,0.480307,0.48723,0.481104,0.550389,0.416036,0.461247,0.449602,0.477587,0.556903,0.512513,0.339346,0.308815,0.25136,0.393335,0.503434,0.17494,0.36098,0.315113,0.262279,0.516311,0.543607,0.568559,0.56208,0.517057,0.25568,0.219885,0.421905
u219,0.628571,0.610024,0.529254,0.641523,0.582292,0.333312,0.631472,0.654053,0.578177,0.639486,0.483785,0.589451,0.343756,0.355164,0.562117,0.462304,0.701149,0.482773,0.364177,0.224939,0.281352,0.530726,0.435871,0.309063,0.236304,0.392242,0.241453,0.414656,0.651381,0.546589,0.550271,0.39548,0.286386,0.369391,0.443512
u220,0.74252,0.595973,0.609911,0.52542,0.430635,0.319852,0.595498,0.547976,0.401703,0.533508,0.49854,0.526029,0.430726,0.49888,0.529439,0.533529,0.579192,0.56775,0.484168,0.288913,0.263781,0.585505,0.345832,0.352787,0.230367,0.306257,0.207342,0.316652,0.637602,0.708714,0.591674,0.499265,0.242301,0.201288,0.313124
u221,0.705535,0.69167,0.590703,0.644298,0.581192,0.386905,0.685855,0.674409,0.553215,0.66146,0.570021,0.496901,0.46136,0.411274,0.495471,0.551353,0.682538,0.500439,0.482488,0.502475,0.329742,0.612584,0.627358,0.446747,0.620917,0.651663,0.533469,0.556522,0.648125,0.642543,0.720068,0.554677,0.305323,0.415041,0.513921
u222,0.544678,0.65149,0.527745,0.543861,0.636952,0.45974,0.63946,0.571817,0.349041,0.532154,0.571686,0.429178,0.306969,0.259301,0.489671,0.470204,0.68767,0.614148,0.546201,0.28728,0.247136,0.88653,0.385794,0.336894,0.176202,0.29198,0.286439,0.582518,0.597112,0.52653,0.617249,0.51058,0.284404,0.370619,0.404897
u223,0.649599,0.553641,0.608699,0.637471,0.561895,0.275116,0.647693,0.601532,0.502153,0.55781,0.520013,0.490313,0.387125,0.43594,0.513599,0.332599,0.64851,0.192497,0.565572,0.274363,0.266703,0.201566,0.397606,0.266372,0.30734,0.309362,0.236806,0.260404,0.558752,0.654246,0.574317,0.474054,0.275125,0.261839,0.381778
u224,0.694699,0.720151,0.612513,0.654612,0.412661,0.428656,0.65448,0.573475,0.39241,0.58583,0.345946,0.519453,0.352386,0.357989,0.430472,0.454532,0.487254,0.533342,0.456204,0.31574,0.234702,0.684327,0.467248,0.324319,0.273716,0.518128,0.256666,0.586629,0.512695,0.55257,0.569922,0.516871,0.261559,0.283309,0.341898
u225,0.630149,0.604161,0.552484,0.519093,0.456944,0.413099,0.638059,0.614371,0.473739,0.570049,0.492959,0.498023,0.591239,0.452137,0.524951,0.44031,0.609594,0.677301,0.389847,0.313128,0.29675,0.752103,0.367449,0.286511,0.321756,0.368434,0.266937,0.403167,0.544403,0.479283,0.450706,0.356035,0.305141,0.311,0.393664
u226,0.665675,0.536508,0.567076,0.699838,0.499698,0.236194,0.693121,0.629691,0.440481,0.623487,0.540085,0.554047,0.481219,0.528389,0.509692,0.448265,0.592785,0.552814,0.47058,0.309651,0.284498,0.762175,0.258492,0.275214,0.237024,0.145516,0.242376,0.281958,0.573335,0.580029,0.508113,0.564563,0.248173,0.262872,0.423129
u227,0.736663,0.762112,0.694518,0.70702,0.90852,0.536415,0.634902,0.613647,0.47447,0.51973,0.327593,0.543321,0.56202,0.370311,0.527179,0.391726,0.83054,0.694647,0.279189,0.280408,0.155124,0.428717,0.269765,0.177433,0.209114,0.27709,0.292062,0.17881,0.735113,0.628568,0.737837,0.556011,0.291528,0.311974,0.389295
u228,0.668483,0.693589,0.616381,0.570972,0.60659,0.340296,0.724828,0.676592,0.473928,0.559255,0.461035,0.531222,0.401199,0.511041,0.5115,0.509526,0.567018,0.4258,0.291419,0.288579,0.226727,0.48084,0.258986,0.309536,0.170686,0.2261,0.294303,0.337301,0.604644,0.581591,0.654485,0.547058,0.308378,0.260395,0.425335
u229,0.625584,0.644921,0.585079,0.749556,0.550485,0.31665,0.697389,0.716982,0.402367,0.614487,0.517892,0.517022,0.419276,0.447123,0.554059,0.583743,0.643173,0.510761,0.454783,0.318856,0.322514,0.527375,0.477128,0.393731,0.285335,0.615106,0.359087,0.617881,0.731407,0.528372,0.712202,0.556602,0.385655,0.369075,0.510426
u230,0.601512,0.639347,0.558955,0.47836,0.421347,0.289764,0.687985,0.569267,0.596256,0.535794,0.384139,0.522687,0.342769,0.44918,0.488349,0.383789,0.664983,0.371806,0.395773,0.360651,0.286511,0.326373,0.493616,0.248991,0.274865,0.334829,0.319491,0.556849,0.596179,0.553534,0.554103,0.544972,0.311689,0.286382,0.451794
u231,0.656745,0.588656,0.606442,0.58705,0.549252,0.299401,0.642165,0.591944,0.587363,0.637112,0.368745,0.563229,0.432183,0.374106,0.511937,0.44655,0.672095,0.506783,0.440934,0.246753,0.186066,0.68942,0.507898,0.205149,0.29055,0.427608,0.31642,0.348117,0.611113,0.643946,0.623021,0.418815,0.264546,0.281423,0.422359
u232,0.664998,0.659178,0.640076,0.647746,0.434528,0.311243,0.631665,0.602364,0.486782,0.501903,0.519427,0.602641,0.379057,0.462286,0.623507,0.55292,0.744615,0.5528,0.419411,0.302894,0.263197,0.651305,0.361579,0.333489,0.250495,0.310255,0.218503,0.323011,0.653684,0.657279,0.610441,0.419997,0.299239,0.245643,0.370781
u233,0.665996,0.698857,0.519359,0.628751,0.537351,0.326516,0.701856,0.618236,0.558021,0.56615,0.479275,0.455974,0.440441,0.469531,0.57444,0.531441,0.647375,0.512436,0.474819,0.546842,0.395913,0.655623,0.535067,0.506042,0.541817,0.600248,0.555528,0.650852,0.656885,0.645136,0.576205,0.662407,0.298505,0.429159,0.455298
u234,0.505609,0.670684,0.491743,0.552512,0.609264,0.346384,0.611808,0.525884,0.411835,0.438885,0.507333,0.466504,0.414255,0.471315,0.448647,0.370755,0.667104,0.623579,0.346949,0.198669,0.241302,0.777585,0.35511,0.223912,0.22736,0.297792,0.279401,0.554636,0.56476,0.479577,0.637972,0.552045,0.270336,0.263412,0.527624
u235,0.703642,0.557567,0.6442,0.579634,0.49758,0.252018,0.742411,0.589837,0.374869,0.57508,0.499654,0.483238,0.404156,0.335384,0.541572,0.409431,0.513838,0.257523,0.636671,0.255588,0.367575,0.276882,0.379599,0.228289,0.277923,0.357179,0.313956,0.258467,0.679129,0.638054,0.639634,0.484287,0.3366,0.265691,0.3996
u236,0.670049,0.611105,0.674229,0.641252,0.367697,0.353555,0.703773,0.536281,0.435198,0.516132,0.516409,0.450826,0.446704,0.355321,0.470989,0.392291,0.554495,0.557504,0.42971,0.366719,0.319737,0.595411,0.414361,0.297472,0.320854,0.452126,0.23339,0.651173,0.540075,0.495986,0.60284,0.542397,0.216727,0.279356,0.39596
u237,0.659606,0.604862,0.514342,0.583053,0.370984,0.346163,0.715342,0.621256,0.429305,0.493462,0.466079,0.513099,0.495116,0.432455,0.522898,0.404324,0.63358,0.606305,0.404473,0.289322,0.310647,0.657075,0.382486,0.296886,0.194863,0.473262,0.204555,0.328643,0.630609,0.532693,0.530285,0.394651,0.160256,0.336398,0.402894
u238,0.661904,0.729169,0.623942,0.6296,0.492166,0.236847,0.698533,0.566046,0.441629,0.571749,0.515172,0.557554,0.488007,0.481798,0.50407,0.47888,0.679115,0.504193,0.502925,0.209288,0.236536,0.696939,0.445854,0.255512,0.261646,0.197842,0.155318,0.273261,0.598454,0.466654,0.519663,0.647069,0.318098,0.318817,0.464041
u239,0.75996,0.689656,0.639135,0.643538,0.916114,0.584848,0.645141,0.71669,0.515319,0.485201,0.5247,0.507524,0.497572,0.394487,0.47435,0.359199,0.765702,0.612866,0.316879,0.250462,0.200293,0.44403,0.245297,0.226922,0.241592,0.261517,0.204539,0.373101,0.631182,0.624066,0.782703,0.565571,0.327524,0.364906,0.431121
u240,0.711042,0.731928,0.670634,0.619964,0.590964,0.287812,0.707924,0.689776,0.511421,0.629227,0.548417,0.489114,0.443814,0.397757,0.532098,0.397136,0.574408,0.331914,0.266978,0.194761,0.196279,0.484909,0.385385,0.192622,0.179161,0.240213,0.214486,0.396399,0.656807,0.488958,0.586032,0.516013,0.404065,0.283709,0.431315
u241,0.678016,0.653974,0.585292,0.627259,0.56691,0.334724,0.618685,0.611639,0.540368,0.64699,0.660428,0.446048,0.452934,0.354601,0.516253,0.44215,0.596378,0.533835,0.560452,0.396442,0.279585,0.618477,0.54367,0.363623,0.254828,0.535118,0.273195,0.535765,0.659847,0.717052,0.690746,0.591797,0.318809,0.407642,0.405332
u242,0.668838,0.620355,0.607657,0.6065,0.428991,0.348635,0.747822,0.565984,0.489173,0.641976,0.273782,0.443618,0.41593,0.510935,0.417099,0.411293,0.633352,0.429666,0.359138,0.210875,0.286778,0.376391,0.531137,0.215753,0.199404,0.356459,0.231442,0.562386,0.563479,0.602926,0.538858,0.552203,0.250088,0.365436,0.365604
u243,0.7099,0.666107,0.639294,0.64871,0.575017,0.211917,0.640198,0.719641,0.499352,0.711841,0.447916,0.556834,0.463104,0.291304,0.656489,0.463299,0.704338,0.606608,0.382956,0.230262,0.304866,0.576897,0.468811,0.225925,0.275409,0.453617,0.360075,0.514001,0.57391,0.583567,0.616127,0.47515,0.316326,0.187464,0.476233
u244,0.726383,0.644498,0.584559,0.535344,0.52468,0.255414,0.666602,0.514719,0.388597,0.597296,0.519425,0.565387,0.510452,0.417657,0.544394,0.48306,0.647416,0.495341,0.435023,0.196729,0.212324,0.660307,0.340552,0.329424,0.293337,0.325718,0.212761,0.346619,0.705558,0.669067,0.617789,0.499074,0.2873,0.253261,0.363886
u245,0.619486,0.683888,0.53359,0.600096,0.560448,0.369649,0.607679,0.614157,0.531037,0.730162,0.480143,0.470506,0.369269,0.473279,0.529373,0.584461,0.690436,0.548494,0.423357,0.477557,0.305934,0.680853,0.547959,0.568411,0.486545,0.64087,0.46342,0.631513,0.655559,0.676553,0.718297,0.54163,0.309815,0.39013,0.549225
u246,0.535386,0.681268,0.557031,0.515352,0.486228,0.4224,0.668818,0.485432,0.349987,0.539032,0.563547,0.51107,0.389964,0.320264,0.417562,0.435402,0.677309,0.607354,0.376713,0.19525,0.195482,0.834038,0.330741,0.244285,0.223742,0.28146,0.247268,0.600581,0.556673,0.521962,0.554,0.515039,0.29243,0.343646,0.391862
u247,0.604898,0.637826,0.535646,0.598264,0.482494,0.195971,0.69622,0.616466,0.379223,0.497804,0.525835,0.456849,0.445525,0.465864,0.58313,0.428837,0.51351,0.261205,0.670347,0.241869,0.248231,0.187095,0.463412,0.261536,0.191247,0.441023,0.241591,0.247692,0.535057,0.593837,0.60397,0.622077,0.27842,0.369011,0.395022
u248,0.729796,0.709522,0.670426,0.664669,0.406872,0.488664,0.629059,0.505113,0.420411,0.645746,0.388597,0.471739,0.472069,0.32393,0.449641,0.438556,0.537467,0.522873,0.419015,0.284687,0.342096,0.661423,0.413022,0.344392,0.214025,0.428324,0.249143,0.578493,0.609828,0.494044,0.464932,0.51753,0.202805,0.285644,0.412524
u249,0.627825,0.572929,0.487842,0.547231,0.364115,0.345157,0.618949,0.570091,0.559454,0.54822,0.352143,0.507963,0.572217,0.428182,0.551826,0.480551,0.646269,0.630387,0.423081,0.29894,0.227902,0.673472,0.31292,0.235294,0.266154,0.346092,0.167525,0.402431,0.584385,0.586803,0.611217,0.645283,0.283578,0.380149,0.479042
u250,0.668809,0.583288,0.588433,0.589228,0.513108,0.215005,0.610802,0.625129,0.446477,0.52282,0.498128,0.552666,0.546983,0.450525,0.525184,0.455638,0.544825,0.533191,0.536705,0.245875,0.211436,0.677727,0.339431,0.304992,0.25521,0.291903,0.260809,0.296772,0.62402,0.556879,0.590397,0.589343,0.300359,0.246558,0.473787
u251,0.723347,0.808072,0.694495,0.630304,0.727184,0.496666,0.64685,0.712419,0.423303,0.507285,0.471305,0.441878,0.390568,0.317801,0.599869,0.38814,0.71166,0.689045,0.24936,0.272955,0.187998,0.503147,0.300765,0.270894,0.238407,0.192907,0.259167,0.288739,0.746035,0.671394,0.68133,0.561929,0.285412,0.315787,0.457773
u252,0.7456,0.699161,0.623277,0.744399,0.700967,0.374081,0.691163,0.634355,0.436655,0.598619,0.505848,0.560378,0.480122,0.475101,0.50506,0.440505,0.640667,0.371366,0.422582,0.252604,0.205142,0.432137,0.310206,0.236241,0.205141,0.252814,0.235846,0.337312,0.584139,0.628718,0.601678,0.532273,0.410108,0.298588,0.389591
u253,0.653451,0.697216,0.738305,0.599625,0.551878,0.369658,0.637555,0.60647,0.501618,0.583069,0.597568,0.593702,0.466985,0.352287,0.594364,0.489491,0.612522,0.422677,0.480123,0.380668,0.289278,0.607094,0.47429,0.399612,0.296586,0.606357,0.282492,0.532032,0.69401,0.585054,0.765997,0.583751,0.283378,0.360825,0.518621
u254,0.677145,0.678508,0.691204,0.671205,0.38071,0.314758,0.738483,0.520333,0.539473,0.54406,0.393041,0.489798,0.479017,0.422243,0.477451,0.486392,0.520848,0.351006,0.397958,0.329551,0.306993,0.405775,0.436466,0.344604,0.2932,0.314266,0.282131,0.520323,0.611814,0.575575,0.470575,0.483257,0.201513,0.151604,0.341966
u255,0.610879,0.603795,0.592506,0.605584,0.534848,0.362961,0.584983,0.652596,0.607727,0.541477,0.543158,0.494511,0.447711,0.344715,0.504269,0.48542,0.724271,0.550717,0.40678,0.300031,0.148805,0.63562,0.457744,0.20667,0.239706,0.506224,0.209315,0.454416,0.722134,0.609207,0.485757,0.459727,0.194477,0.265881,0.370406
u256,0.662135,0.598312,0.592219,0.697319,0.50287,0.38311,0.686958,0.634881,0.40689,0.626194,0.493417,0.515293,0.413923,0.352054,0.50685,0.520319,0.634848,0.534076,0.516111,0.230329,0.307545,0.690195,0.32257,0.191533,0.32811,0.356641,0.207181,0.355724,0.723055,0.674775,0.59065,0.54951,0.322236,0.267399,0.548967
u257,0.660737,0.63388,0.563705,0.600666,0.509743,0.36544,0.642099,0.580305,0.531823,0.55788,0.562132,0.511339,0.466983,0.393321,0.56742,0.556898,0.650826,0.594192,0.467989,0.486358,0.314233,0.639063,0.552031,0.528277,0.545861,0.663087,0.573382,0.482385,0.651067,0.645183,0.62269,0.562769,0.284183,0.505618,0.566647
u258,0.544492,0.630797,0.499441,0.475069,0.54141,0.410004,0.60932,0.57454,0.352822,0.533834,0.616564,0.490733,0.431067,0.431501,0.365606,0.384147,0.621073,0.528595,0.329769,0.194173,0.240015,0.919995,0.356824,0.253837,0.309305,0.356279,0.243898,0.520319,0.552107,0.620338,0.656385,0.574975,0.266375,0.319397,0.370027
u259,0.657653,0.575051,0.497481,0.498497,0.517499,0.242397,0.579022,0.518729,0.547552,0.512275,0.558811,0.52849,0.479148,0.478372,0.489969,0.429222,0.639258,0.239391,0.646883,0.293752,0.327877,0.228337,0.434604,0.200866,0.172925,0.407866,0.257535,0.278508,0.635452,0.662877,0.567286,0.562139,0.294613,0.258043,0.32176
u260,0.676187,0.668976,0.628958,0.680188,0.472163,0.451982,0.669664,0.501061,0.53037,0.650461,0.432349,0.515035,0.343152,0.284836,0.457102,0.398787,0.490094,0.497425,0.374566,0.269787,0.28174,0.619262,0.453372,0.280313,0.19048,0.493868,0.226809,0.559081,0.524696,0.447176,0.55493,0.484439,0.254363,0.228123,0.407104
u261,0.562486,0.637419,0.518602,0.535137,0.448531,0.253699,0.612127,0.632718,0.479772,0.520678,0.329677,0.492268,0.556604,0.437304,0.418517,0.478165,0.644226,0.644297,0.34958,0.332352,0.235046,0.758024,0.287323,0.274547,0.181742,0.373879,0.179882,0.460567,0.552754,0.56595,0.58467,0.507873,0.240578,0.293355,0.364764
u262,0.679658,0.659822,0.574576,0.604938,0.573511,0.206046,0.640228,0.633871,0.401403,0.583783,0.508738,0.554363,0.461187,0.541216,0.559877,0.368009,0.665319,0.531985,0.500023,0.287857,0.254218,0.663392,0.385415,0.246664,0.247476,0.125569,0.279377,0.372906,0.61516,0.582941,0.563412,0.585429,0.320362,0.353811,0.495181
u263,0.708261,0.656279,0.681159,0.621336,0.75344,0.543659,0.690933,0.635117,0.520618,0.472004,0.416991,0.57971,0.49698,0.311577,0.458266,0.455748,0.75892,0.632839,0.197152,0.241418,0.307903,0.479573,0.271881,0.224742,0.183546,0.226789,0.175038,0.339403,0.733457,0.66795,0.673911,0.492546,0.300933,0.342405,0.40424
u264,0.840239,0.679722,0.618593,0.730131,0.651845,0.327277,0.659393,0.701629,0.487153,0.592507,0.462849,0.482523,0.410046,0.436945,0.50375,0.442342,0.579392,0.313522,0.253491,0.183844,0.27588,0.478019,0.253886,0.294179,0.237844,0.314866,0.18753,0.264997,0.567918,0.557956,0.562485,0.654246,0.368475,0.238195,0.339041
u265,0.768761,0.678192,0.655915,0.637425,0.553469,0.340814,0.617568,0.67813,0.465483,0.648663,0.538364,0.571939,0.45428,0.47616,0.570443,0.446643,0.744544,0.487416,0.592716,0.284675,0.329058,0.489718,0.514552,0.396592,0.303368,0.49405,0.239364,0.506079,0.649575,0.682925,0.612064,0.508061,0.313366,0.29514,0.427391
u266,0.647459,0.617448,0.635936,0.654038,0.360289,0.247362,0.595352,0.579368,0.551859,0.595751,0.472578,0.467627,0.363831,0.388326,0.56764,0.457529,0.66968,0.39281,0.327244,0.28315,0.2288,0.358343,0.537456,0.271542,0.299447,0.363318,0.321649,0.55483,0.628454,0.654319,0.496315,0.561467,0.336867,0.321022,0.482434
u267,0.68293,0.672157,0.461748,0.720595,0.476085,0.294945,0.628956,0.624044,0.503458,0.59697,0.398987,0.49921,0.36047,0.383939,0.455466,0.477601,0.663522,0.573253,0.274536,0.341045,0.274261,0.567917,0.431794,0.262317,0.228567,0.381751,0.264083,0.446854,0.744502,0.535106,0.612138,0.509097,0.320026,0.362372,0.429491
u268,0.655412,0.580482,0.590567,0.627033,0.426875,0.299746,0.662434,0.5795,0.409605,0.54705,0.562356,0.480614,0.520309,0.478163,0.612786,0.515524,0.731455,0.584856,0.489249,0.250899,0.304901,0.526804,0.376546,0.311743,0.198314,0.300141,0.216538,0.307452,0.712045,0.595987,0.651785,0.532109,0.304436,0.260543,0.489492
u269,0.621374,0.766481,0.636559,0.615058,0.498196,0.437027,0.700743,0.638809,0.547795,0.599709,0.530922,0.537845,0.337117,0.41356,0.49025,0.606886,0.662088,0.555233,0.455077,0.54952,0.348999,0.55653,0.565121,0.510607,0.491147,0.715016,0.522407,0.611888,0.649345,0.641198,0.597906,0.574667,0.303324,0.441205,0.458546
u270,0.539203,0.709101,0.542946,0.566946,0.514896,0.384805,0.615721,0.473448,0.453857,0.510715,0.590501,0.455928,0.461864,0.319785,0.484869,0.358696,0.60558,0.689127,0.443265,0.243026,0.193529,0.83928,0.463993,0.270664,0.240961,0.374465,0.237277,0.592116,0.610124,0.48989,0.678242,0.503194,0.307578,0.342614,0.408861
u271,0.760328,0.599591,0.615975,0.545686,0.499667,0.279235,0.604903,0.538213,0.419488,0.48099,0.545676,0.573007,0.468145,0.383009,0.527538,0.467393,0.577131,0.208559,0.599246,0.27849,0.296966,0.25504,0.419466,0.299897,0.224904,0.405166,0.291592,0.207259,0.670661,0.61759,0.754406,0.67283,0.304495,0.26283,0.384994
u272,0.684094,0.633307,0.663827,0.605602,0.423566,0.454948,0.638972,0.507606,0.419491,0.710514,0.33091,0.543044,0.398895,0.399829,0.426641,0.39848,0.540758,0.57864,0.377143,0.232998,0.341936,0.539954,0.441262,0.301584,0.206019,0.40213,0.210855,0.614129,0.57216,0.515408,0.60239,0.528772,0.232919,0.270744,0.349393
u273,0.643342,0.563886,0.611559,0.611414,0.478748,0.315642,0.633477,0.539136,0.50971,0.529725,0.376138,0.437325,0.423633,0.407026,0.529374,0.436184,0.571491,0.580752,0.422336,0.339449,0.170825,0.681524,0.402261,0.285905,0.248753,0.335215,0.25187,0.342712,0.567659,0.472906,0.477404,0.43857,0.245679,0.325832,0.388353
u274,0.623221,0.664881,0.619335,0.57954,0.395108,0.220244,0.606732,0.612241,0.41529,0.539759,0.484348,0.555063,0.556915,0.439058,0.561024,0.381564,0.621965,0.498675,0.477289,0.307558,0.109915,0.736508,0.33799,0.235787,0.222728,0.262014,0.206217,0.249125,0.670476,0.563266,0.515077,0.597832,0.34782,0.341822,0.47417
u275,0.794499,0.645871,0.723785,0.680416,0.740479,0.520344,0.696216,0.712127,0.465738,0.5014,0.449594,0.529454,0.485477,0.354152,0.56412,0.467572,0.718779,0.750039,0.215736,0.320239,0.24399,0.457327,0.287519,0.236601,0.311158,0.250042,0.188783,0.301734,0.711582,0.700489,0.761642,0.503359,0.348336,0.303464,0.462423
u276,0.679955,0.60937,0.603119,0.643163,0.623113,0.269318,0.703503,0.56014,0.476993,0.600572,0.493566,0.497223,0.418815,0.352775,0.540871,0.531663,0.585406,0.458735,0.371659,0.295431,0.327968,0.473061,0.313556,0.316187,0.219799,0.234117,0.244175,0.492161,0.561647,0.628327,0.472405,0.521185,0.348598,0.326642,0.385722
u277,0.718193,0.628581,0.681595,0.665392,0.600479,0.343686,0.648899,0.546752,0.529231,0.580147,0.526957,0.512555,0.347602,0.425378,0.528777,0.624517,0.630632,0.579159,0.549304,0.446232,0.366692,0.561154,0.40119,0.422616,0.24109,0.522361,0.254331,0.574758,0.570365,0.691292,0.683479,0.530113,0.36033,0.281921,0.391155
u278,0.735063,0.817789,0.544494,0.658593,0.347662,0.37758,0.666594,0.571201,0.501428,0.650673,0.376811,0.504997,0.372797,0.36588,0.470761,0.404128,0.598058,0.378203,0.380431,0.366058,0.278898,0.293624,0.540172,0.29094,0.347162,0.314464,0.257209,0.535993,0.553748,0.624251,0.533286,0.463443,0.203511,0.261658,0.419113
u279,0.729058,0.64868,0.559557,0.577056,0.588649,0.316866,0.664189,0.632094,0.500433,0.603408,0.435332,0.548243,0.43683,0.291441,0.524938,0.331005,0.585396,0.578204,0.396875,0.225506,0.275206,0.636796,0.491348,0.267448,0.175863,0.415824,0.413095,0.349454,0.551853,0.584278,0.681572,0.432449,0.27133,0.354682,0.402793
u280,0.694386,0.635126,0.630084,0.761025,0.54273,0.348534,0.636542,0.533634,0.441692,0.454762,0.544559,0.554179,0.501001,0.468657,0.560062,0.524968,0.672294,0.5156,0.542915,0.257441,0.252609,0.594085,0.378266,0.321777,0.259371,0.374258,0.242556,0.298279,0.82639,0.61233,0.593526,0.48053,0.323449,0.317911,0.456987
u281,0.575268,0.652706,0.608686,0.568415,0.566616,0.301663,0.620541,0.623464,0.546824,0.722537,0.505844,0.513033,0.408277,0.384815,0.500878,0.572186,0.655402,0.474137,0.467387,0.51057,0.347605,0.666484,0.551661,0.539558,0.543441,0.653149,0.528248,0.490942,0.650179,0.750757,0.685176,0.454221,0.276722,0.386814,0.46146
u282,0.585902,0.605461,0.492538,0.58059,0.465547,0.49429,0.536623,0.551214,0.40547,0.553065,0.532,0.449278,0.502896,0.40887,0.464683,0.395555,0.626056,0.468841,0.371818,0.297799,0.294073,0.860197,0.286386,0.219307,0.349093,0.33174,0.240163,0.569391,0.591074,0.563536,0.557733,0.50261,0.296896,0.217245,0.362122
u283,0.603483,0.632726,0.550642,0.480958,0.492631,0.262903,0.746825,0.586635,0.47837,0.548881,0.544202,0.55538,0.414608,0.411588,0.478443,0.411603,0.458779,0.263548,0.527059,0.247371,0.200399,0.285561,0.377861,0.237599,0.260718,0.442879,0.27583,0.143494,0.576573,0.642397,0.607131,0.557103,0.210316,0.218483,0.350617
u284,0.706091,0.657611,0.655311,0.654719,0.442796,0.404098,0.681782,0.499857,0.491919,0.686351,0.46764,0.495438,0.396833,0.377844,0.454047,0.414,0.553537,0.630678,0.349356,0.281228,0.388935,0.582282,0.418073,0.272016,0.191205,0.46791,0.300584,0.593855,0.52888,0.49781,0.542796,0.556539,0.30547,0.271148,0.316407
u285,0.659608,0.536181,0.53384,0.513118,0.476593,0.400516,0.562779,0.604924,0.484145,0.50935,0.432151,0.586479,0.485291,0.412515,0.466775,0.524829,0.602633,0.590534,0.456239,0.294524,0.196773,0.735373,0.374405,0.324542,0.146101,0.361493,0.284936,0.431475,0.532928,0.471597,0.552873,0.438239,0.294277,0.348993,0.381544
u286,0.625184,0.653806,0.528089,0.498125,0.432476,0.270814,0.686859,0.637204,0.464911,0.525335,0.554046,0.643287,0.478233,0.560127,0.498104,0.458014,0.576268,0.533989,0.544572,0.316922,0.284511,0.558495,0.290046,0.211548,0.181666,0.235834,0.21205,0.275256,0.679477,0.567691,0.657422,0.611595,0.24196,0.325675,0.466485
u287,0.686165,0.695168,0.739028,0.652664,0.826929,0.615561,0.625757,0.680753,0.511233,0.498307,0.483287,0.558291,0.517462,0.335871,0.590604,0.372887,0.787995,0.671318,0.242713,0.31616,0.30335,0.438898,0.254054,0.206599,0.221658,0.364893,0.257112,0.29063,0.756388,0.627903,0.719171,0.494767,0.314029,0.261509,0.39393
u288,0.756162,0.569194,0.693806,0.61464,0.575045,0.320987,0.764854,0.662965,0.455344,0.625888,0.539466,0.449107,0.45737,0.385569,0.499433,0.371807,0.560871,0.333328,0.305189,0.168601,0.183237,0.459114,0.31004,0.254202,0.25272,0.363591,0.216035,0.398344,0.625281,0.555333,0.563146,0.493941,0.243051,0.339701,0.453376
u289,0.712528,0.692178,0.605029,0.611371,0.559734,0.279199,0.664367,0.624462,0.527315,0.657986,0.448715,0.520628,0.359328,0.33033,0.519777,0.501368,0.585163,0.597811,0.50061,0.402608,0.293419,0.636401,0.535176,0.471854,0.329072,0.596541,0.292568,0.518723,0.688942,0.644787,0.650669,0.555907,0.440745,0.320599,0.384193
u290,0.62188,0.577502,0.625976,0.690492,0.368192,0.30373,0.764396,0.513395,0.476123,0.548401,0.432875,0.487872,0.345883,0.483827,0.573178,0.446585,0.659043,0.456865,0.288997,0.332101,0.267774,0.371118,0.518846,0.278948,0.34616,0.375917,0.244472,0.519011,0.618429,0.542812,0.597115,0.702925,0.181989,0.252173,0.42071
u291,0.510896,0.66958,0.542141,0.614784,0.491707,0.378879,0.640877,0.633096,0.582584,0.572233,0.4007,0.568928,0.312978,0.275332,0.595961,0.355705,0.648335,0.482531,0.463826,0.280451,0.288829,0.55017,0.501885,0.267908,0.23714,0.333192,0.17494,0.447395,0.707391,0.567054,0.60657,0.31395,0.293819,0.211644,0.42568
u292,0.661877,0.525132,0.615824,0.591265,0.546406,0.296711,0.689957,0.578115,0.444921,0.530012,0.479613,0.505473,0.437384,0.382466,0.609039,0.52076,0.817027,0.47796,0.517644,0.194304,0.302045,0.572101,0.325047,0.320091,0.305321,0.270286,0.22867,0.359648,0.724149,0.596695,0.589259,0.484669,0.308632,0.313049,0.407215
u293,0.707495,0.743329,0.566321,0.642401,0.532865,0.338273,0.654629,0.554007,0.637434,0.618516,0.506812,0.480298,0.4263,0.424117,0.494553,0.50681,0.639871,0.543758,0.497772,0.515455,0.410236,0.627765,0.593785,0.50192,0.480791,0.531904,0.554793,0.603111,0.667793,0.654181,0.703524,0.538964,0.290814,0.438388,0.45515
u294,0.647756,0.555163,0.607858,0.564872,0.577982,0.389535,0.621827,0.466677,0.314289,0.370172,0.499647,0.460381,0.370051,0.335484,0.50159,0.420094,0.633961,0.6233,0.376728,0.198197,0.237699,0.886937,0.384673,0.295134,0.183987,0.313287,0.332592,0.519021,0.49671,0.554635,0.525068,0.553621,0.346932,0.352437,0.425799
u295,0.706443,0.602868,0.524084,0.595049,0.460627,0.186718,0.652962,0.660876,0.320844,0.545502,0.506354,0.471025,0.477086,0.455044,0.495152,0.427716,0.541009,0.249997,0.608805,0.167985,0.274827,0.253006,0.401053,0.253073,0.328628,0.321567,0.223302,0.297991,0.617861,0.595729,0.670452,0.537299,0.242169,0.285415,0.394147
u296,0.756012,0.687973,0.693359,0.635152,0.462196,0.527513,0.688209,0.581223,0.469588,0.580629,0.468143,0.530979,0.36719,0.442478,0.496668,0.427006,0.621087,0.550155,0.388749,0.152601,0.290924,0.576229,0.39155,0.252571,0.249669,0.45284,0.251998,0.633116,0.530859,0.524726,0.519882,0.473116,0.17351,0.202206,0.295335
u297,0.531401,0.659153,0.550876,0.547163,0.405099,0.272779,0.610118,0.569898,0.515484,0.530431,0.45762,0.49985,0.563277,0.400396,0.507418,0.460227,0.626215,0.659129,0.348181,0.414913,0.265469,0.723594,0.267302,0.214095,0.267868,0.267457,0.229719,0.328263,0.543975,0.596741,0.508418,0.430681,0.246069,0.321446,0.303201
u298,0.716238,0.717546,0.589676,0.546055,0.462,0.340478,0.607967,0.588948,0.452197,0.503386,0.533385,0.553401,0.481404,0.475638,0.554903,0.429644,0.543206,0.609513,0.51127,0.218942,0.267312,0.710773,0.469511,0.279696,0.283139,0.228581,0.16766,0.330236,0.568324,0.541509,0.551413,0.575737,0.257119,0.310179,0.450948
u299,0.67981,0.654094,0.702173,0.696844,0.85594,0.591827,0.753462,0.704069,0.524866,0.554311,0.405927,0.518425,0.574071,0.330824,0.514986,0.395292,0.717341,0.653151,0.295249,0.248538,0.206916,0.367134,0.285956,0.256008,0.158769,0.271896,0.250534,0.258309,0.679834,0.588107,0.706421,0.530877,0.295477,0.301236,0.405821
u300,0.712092,0.656518,0.650492,0.658029,0.618,0.266282,0.720516,0.599209,0.521741,0.556738,0.579828,0.526867,0.414429,0.452599,0.473064,0.412637,0.626948,0.449368,0.242491,0.318121,0.228462,0.538744,0.292772,0.234764,0.301791,0.215273,0.25112,0.366811,0.589859,0.633562,0.54467,0.495624,0.361437,0.280232,0.371594
