user_id,month,skill_id,level,source
u001,0,2.A.1.a,0.408689,derived_teaching_data
u001,0,2.A.1.b,0.474262,derived_teaching_data
u001,0,2.A.1.c,0.390918,derived_teaching_data
u001,0,2.A.1.d,0.372201,derived_teaching_data
u001,0,2.A.1.e,0.366709,derived_teaching_data
u001,0,2.A.1.f,0.323963,derived_teaching_data
u001,0,2.A.2.a,0.455855,derived_teaching_data
u001,0,2.A.2.b,0.379252,derived_teaching_data
u001,0,2.A.2.c,0.299577,derived_teaching_data
u001,0,2.A.2.d,0.368171,derived_teaching_data
u001,0,2.B.1.a,0.375342,derived_teaching_data
u001,0,2.B.1.b,0.346992,derived_teaching_data
u001,0,2.B.1.c,0.310821,derived_teaching_data
u001,0,2.B.1.d,0.270154,derived_teaching_data
u001,0,2.B.1.e,0.327791,derived_teaching_data
u001,0,2.B.1.f,0.301572,derived_teaching_data
u001,0,2.B.2.i,0.47208,derived_teaching_data
u001,0,2.B.3.a,0.409244,derived_teaching_data
u001,0,2.B.3.b,0.306947,derived_teaching_data
u001,0,2.B.3.c,0.164749,derived_teaching_data
u001,0,2.B.3.d,0.214681,derived_teaching_data
u001,0,2.B.3.e,0.631333,derived_teaching_data
u001,0,2.B.3.g,0.263217,derived_teaching_data
u001,0,2.B.3.h,0.179939,derived_teaching_data
u001,0,2.B.3.j,0.173798,derived_teaching_data
u001,0,2.B.3.k,0.258669,derived_teaching_data
u001,0,2.B.3.l,0.176666,derived_teaching_data
u001,0,2.B.3.m,0.411199,derived_teaching_data
u001,0,2.B.4.e,0.365742,derived_teaching_data
u001,0,2.B.4.g,0.377885,derived_teaching_data
u001,0,2.B.4.h,0.401544,derived_teaching_data
u001,0,2.B.5.a,0.364488,derived_teaching_data
u001,0,2.B.5.b,0.266746,derived_teaching_data
u001,0,2.B.5.c,0.229185,derived_teaching_data
u001,0,2.B.5.d,0.317972,derived_teaching_data
u001,1,2.A.1.a,0.449365,derived_teaching_data
u001,1,2.A.1.b,0.514199,derived_teaching_data
u001,1,2.A.1.c,0.42069,derived_teaching_data
u001,1,2.A.1.d,0.408308,derived_teaching_data
u001,1,2.A.1.e,0.35723,derived_teaching_data
u001,1,2.A.1.f,0.350409,derived_teaching_data
u001,1,2.A.2.a,0.499554,derived_teaching_data
u001,1,2.A.2.b,0.392162,derived_teaching_data
u001,1,2.A.2.c,0.308488,derived_teaching_data
u001,1,2.A.2.d,0.391416,derived_teaching_data
u001,1,2.B.1.a,0.388771,derived_teaching_data
u001,1,2.B.1.b,0.369437,derived_teaching_data
u001,1,2.B.1.c,0.304435,derived_teaching_data
u001,1,2.B.1.d,0.273842,derived_teaching_data
u001,1,2.B.1.e,0.35166,derived_teaching_data
u001,1,2.B.1.f,0.318616,derived_teaching_data
u001,1,2.B.2.i,0.475041,derived_teaching_data
u001,1,2.B.3.a,0.429177,derived_teaching_data
u001,1,2.B.3.b,0.312325,derived_teaching_data
u001,1,2.B.3.c,0.190923,derived_teaching_data
u001,1,2.B.3.d,0.194871,derived_teaching_data
u001,1,2.B.3.e,0.639679,derived_teaching_data
u001,1,2.B.3.g,0.272367,derived_teaching_data
u001,1,2.B.3.h,0.194589,derived_teaching_data
u001,1,2.B.3.j,0.208437,derived_teaching_data
u001,1,2.B.3.k,0.279337,derived_teaching_data
u001,1,2.B.3.l,0.196126,derived_teaching_data
u001,1,2.B.3.m,0.43466,derived_teaching_data
u001,1,2.B.4.e,0.408468,derived_teaching_data
u001,1,2.B.4.g,0.428439,derived_teaching_data
u001,1,2.B.4.h,0.428093,derived_teaching_data
u001,1,2.B.5.a,0.401837,derived_teaching_data
u001,1,2.B.5.b,0.256394,derived_teaching_data
u001,1,2.B.5.c,0.265824,derived_teaching_data
u001,1,2.B.5.d,0.312925,derived_teaching_data
u001,2,2.A.1.a,0.476438,derived_teaching_data
u001,2,2.A.1.b,0.516047,derived_teaching_data
u001,2,2.A.1.c,0.440137,derived_teaching_data
u001,2,2.A.1.d,0.455004,derived_teaching_data
u001,2,2.A.1.e,0.418,derived_teaching_data
u001,2,2.A.1.f,0.343961,derived_teaching_data
u001,2,2.A.2.a,0.513172,derived_teaching_data
u001,2,2.A.2.b,0.4323,derived_teaching_data
u001,2,2.A.2.c,0.30867,derived_teaching_data
u001,2,2.A.2.d,0.399014,derived_teaching_data
u001,2,2.B.1.a,0.415845,derived_teaching_data
u001,2,2.B.1.b,0.364416,derived_teaching_data
u001,2,2.B.1.c,0.335067,derived_teaching_data
u001,2,2.B.1.d,0.286744,derived_teaching_data
u001,2,2.B.1.e,0.366311,derived_teaching_data
u001,2,2.B.1.f,0.327355,derived_teaching_data
u001,2,2.B.2.i,0.505707,derived_teaching_data
u001,2,2.B.3.a,0.458278,derived_teaching_data
u001,2,2.B.3.b,0.311035,derived_teaching_data
u001,2,2.B.3.c,0.198526,derived_teaching_data
u001,2,2.B.3.d,0.212548,derived_teaching_data
u001,2,2.B.3.e,0.657018,derived_teaching_data
u001,2,2.B.3.g,0.326031,derived_teaching_data
u001,2,2.B.3.h,0.192742,derived_teaching_data
u001,2,2.B.3.j,0.203049,derived_teaching_data
u001,2,2.B.3.k,0.275722,derived_teaching_data
u001,2,2.B.3.l,0.198584,derived_teaching_data
u001,2,2.B.3.m,0.45346,derived_teaching_data
u001,2,2.B.4.e,0.433864,derived_teaching_data
u001,2,2.B.4.g,0.44034,derived_teaching_data
u001,2,2.B.4.h,0.431494,derived_teaching_data
u001,2,2.B.5.a,0.430057,derived_teaching_data
u001,2,2.B.5.b,0.247046,derived_teaching_data
u001,2,2.B.5.c,0.251067,derived_teaching_data
u001,2,2.B.5.d,0.350656,derived_teaching_data
u001,3,2.A.1.a,0.462279,derived_teaching_data
u001,3,2.A.1.b,0.547038,derived_teaching_data
u001,3,2.A.1.c,0.443515,derived_teaching_data
u001,3,2.A.1.d,0.487918,derived_teaching_data
u001,3,2.A.1.e,0.452464,derived_teaching_data
u001,3,2.A.1.f,0.359241,derived_teaching_data
u001,3,2.A.2.a,0.538541,derived_teaching_data
u001,3,2.A.2.b,0.450612,derived_teaching_data
u001,3,2.A.2.c,0.321987,derived_teaching_data
u001,3,2.A.2.d,0.443621,derived_teaching_data
u001,3,2.B.1.a,0.433989,derived_teaching_data
u001,3,2.B.1.b,0.393639,derived_teaching_data
u001,3,2.B.1.c,0.365185,derived_teaching_data
u001,3,2.B.1.d,0.290397,derived_teaching_data
u001,3,2.B.1.e,0.364116,derived_teaching_data
u001,3,2.B.1.f,0.32211,derived_teaching_data
u001,3,2.B.2.i,0.532332,derived_teaching_data
u001,3,2.B.3.a,0.484309,derived_teaching_data
u001,3,2.B.3.b,0.330349,derived_teaching_data
u001,3,2.B.3.c,0.1858,derived_teaching_data
u001,3,2.B.3.d,0.219486,derived_teaching_data
u001,3,2.B.3.e,0.700861,derived_teaching_data
u001,3,2.B.3.g,0.269921,derived_teaching_data
u001,3,2.B.3.h,0.209058,derived_teaching_data
u001,3,2.B.3.j,0.208494,derived_teaching_data
u001,3,2.B.3.k,0.3008,derived_teaching_data
u001,3,2.B.3.l,0.204625,derived_teaching_data
u001,3,2.B.3.m,0.490312,derived_teaching_data
u001,3,2.B.4.e,0.46005,derived_teaching_data
u001,3,2.B.4.g,0.463181,derived_teaching_data
u001,3,2.B.4.h,0.508775,derived_teaching_data
u001,3,2.B.5.a,0.448261,derived_teaching_data
u001,3,2.B.5.b,0.273228,derived_teaching_data
u001,3,2.B.5.c,0.255693,derived_teaching_data
u001,3,2.B.5.d,0.359576,derived_teaching_data
u001,4,2.A.1.a,0.476122,derived_teaching_data
u001,4,2.A.1.b,0.565643,derived_teaching_data
u001,4,2.A.1.c,0.486009,derived_teaching_data
u001,4,2.A.1.d,0.495334,derived_teaching_data
u001,4,2.A.1.e,0.480443,derived_teaching_data
u001,4,2.A.1.f,0.36148,derived_teaching_data
u001,4,2.A.2.a,0.541176,derived_teaching_data
u001,4,2.A.2.b,0.493821,derived_teaching_data
u001,4,2.A.2.c,0.327792,derived_teaching_data
u001,4,2.A.2.d,0.468334,derived_teaching_data
u001,4,2.B.1.a,0.478112,derived_teaching_data
u001,4,2.B.1.b,0.374926,derived_teaching_data
u001,4,2.B.1.c,0.35971,derived_teaching_data
u001,4,2.B.1.d,0.327827,derived_teaching_data
u001,4,2.B.1.e,0.350262,derived_teaching_data
u001,4,2.B.1.f,0.350674,derived_teaching_data
u001,4,2.B.2.i,0.559381,derived_teaching_data
u001,4,2.B.3.a,0.497883,derived_teaching_data
u001,4,2.B.3.b,0.345759,derived_teaching_data
u001,4,2.B.3.c,0.2039,derived_teaching_data
u001,4,2.B.3.d,0.221168,derived_teaching_data
u001,4,2.B.3.e,0.712875,derived_teaching_data
u001,4,2.B.3.g,0.326089,derived_teaching_data
u001,4,2.B.3.h,0.228024,derived_teaching_data
u001,4,2.B.3.j,0.220358,derived_teaching_data
u001,4,2.B.3.k,0.31845,derived_teaching_data
u001,4,2.B.3.l,0.222488,derived_teaching_data
u001,4,2.B.3.m,0.51756,derived_teaching_data
u001,4,2.B.4.e,0.481793,derived_teaching_data
u001,4,2.B.4.g,0.496502,derived_teaching_data
u001,4,2.B.4.h,0.494779,derived_teaching_data
u001,4,2.B.5.a,0.480039,derived_teaching_data
u001,4,2.B.5.b,0.285199,derived_teaching_data
u001,4,2.B.5.c,0.267121,derived_teaching_data
u001,4,2.B.5.d,0.35689,derived_teaching_data
u001,5,2.A.1.a,0.5478,derived_teaching_data
u001,5,2.A.1.b,0.602414,derived_teaching_data
u001,5,2.A.1.c,0.515742,derived_teaching_data
u001,5,2.A.1.d,0.48661,derived_teaching_data
u001,5,2.A.1.e,0.48447,derived_teaching_data
u001,5,2.A.1.f,0.372813,derived_teaching_data
u001,5,2.A.2.a,0.596995,derived_teaching_data
u001,5,2.A.2.b,0.490771,derived_teaching_data
u001,5,2.A.2.c,0.338431,derived_teaching_data
u001,5,2.A.2.d,0.506541,derived_teaching_data
u001,5,2.B.1.a,0.485393,derived_teaching_data
u001,5,2.B.1.b,0.399103,derived_teaching_data
u001,5,2.B.1.c,0.357807,derived_teaching_data
u001,5,2.B.1.d,0.316673,derived_teaching_data
u001,5,2.B.1.e,0.395814,derived_teaching_data
u001,5,2.B.1.f,0.360685,derived_teaching_data
u001,5,2.B.2.i,0.560759,derived_teaching_data
u001,5,2.B.3.a,0.531447,derived_teaching_data
u001,5,2.B.3.b,0.368255,derived_teaching_data
u001,5,2.B.3.c,0.222323,derived_teaching_data
u001,5,2.B.3.d,0.212326,derived_teaching_data
u001,5,2.B.3.e,0.752383,derived_teaching_data
u001,5,2.B.3.g,0.318755,derived_teaching_data
u001,5,2.B.3.h,0.234874,derived_teaching_data
u001,5,2.B.3.j,0.220157,derived_teaching_data
u001,5,2.B.3.k,0.28895,derived_teaching_data
u001,5,2.B.3.l,0.240911,derived_teaching_data
u001,5,2.B.3.m,0.533829,derived_teaching_data
u001,5,2.B.4.e,0.493959,derived_teaching_data
u001,5,2.B.4.g,0.506405,derived_teaching_data
u001,5,2.B.4.h,0.520082,derived_teaching_data
u001,5,2.B.5.a,0.486728,derived_teaching_data
u001,5,2.B.5.b,0.285551,derived_teaching_data
u001,5,2.B.5.c,0.268747,derived_teaching_data
u001,5,2.B.5.d,0.383757,derived_teaching_data
u002,0,2.A.1.a,0.478071,derived_teaching_data
u002,0,2.A.1.b,0.418333,derived_teaching_data
u002,0,2.A.1.c,0.381757,derived_teaching_data
u002,0,2.A.1.d,0.39075,derived_teaching_data
u002,0,2.A.1.e,0.322076,derived_teaching_data
u002,0,2.A.1.f,0.277383,derived_teaching_data
u002,0,2.A.2.a,0.468066,derived_teaching_data
u002,0,2.A.2.b,0.435689,derived_teaching_data
u002,0,2.A.2.c,0.355727,derived_teaching_data
u002,0,2.A.2.d,0.385986,derived_teaching_data
u002,0,2.B.1.a,0.336596,derived_teaching_data
u002,0,2.B.1.b,0.339671,derived_teaching_data
u002,0,2.B.1.c,0.353631,derived_teaching_data
u002,0,2.B.1.d,0.342757,derived_teaching_data
u002,0,2.B.1.e,0.339098,derived_teaching_data
u002,0,2.B.1.f,0.328864,derived_teaching_data
u002,0,2.B.2.i,0.452487,derived_teaching_data
u002,0,2.B.3.a,0.470729,derived_teaching_data
u002,0,2.B.3.b,0.283717,derived_teaching_data
u002,0,2.B.3.c,0.255769,derived_teaching_data
u002,0,2.B.3.d,0.192245,derived_teaching_data
u002,0,2.B.3.e,0.511852,derived_teaching_data
u002,0,2.B.3.g,0.24705,derived_teaching_data
u002,0,2.B.3.h,0.209505,derived_teaching_data
u002,0,2.B.3.j,0.172775,derived_teaching_data
u002,0,2.B.3.k,0.273736,derived_teaching_data
u002,0,2.B.3.l,0.181379,derived_teaching_data
u002,0,2.B.3.m,0.318694,derived_teaching_data
u002,0,2.B.4.e,0.398436,derived_teaching_data
u002,0,2.B.4.g,0.403333,derived_teaching_data
u002,0,2.B.4.h,0.387806,derived_teaching_data
u002,0,2.B.5.a,0.359433,derived_teaching_data
u002,0,2.B.5.b,0.2284,derived_teaching_data
u002,0,2.B.5.c,0.241111,derived_teaching_data
u002,0,2.B.5.d,0.290904,derived_teaching_data
u002,1,2.A.1.a,0.503875,derived_teaching_data
u002,1,2.A.1.b,0.44587,derived_teaching_data
u002,1,2.A.1.c,0.417541,derived_teaching_data
u002,1,2.A.1.d,0.411149,derived_teaching_data
u002,1,2.A.1.e,0.332522,derived_teaching_data
u002,1,2.A.1.f,0.27631,derived_teaching_data
u002,1,2.A.2.a,0.467007,derived_teaching_data
u002,1,2.A.2.b,0.436474,derived_teaching_data
u002,1,2.A.2.c,0.37412,derived_teaching_data
u002,1,2.A.2.d,0.402114,derived_teaching_data
u002,1,2.B.1.a,0.344667,derived_teaching_data
u002,1,2.B.1.b,0.397165,derived_teaching_data
u002,1,2.B.1.c,0.396119,derived_teaching_data
u002,1,2.B.1.d,0.323765,derived_teaching_data
u002,1,2.B.1.e,0.382474,derived_teaching_data
u002,1,2.B.1.f,0.36959,derived_teaching_data
u002,1,2.B.2.i,0.444303,derived_teaching_data
u002,1,2.B.3.a,0.506804,derived_teaching_data
u002,1,2.B.3.b,0.303486,derived_teaching_data
u002,1,2.B.3.c,0.289089,derived_teaching_data
u002,1,2.B.3.d,0.197393,derived_teaching_data
u002,1,2.B.3.e,0.549083,derived_teaching_data
u002,1,2.B.3.g,0.265759,derived_teaching_data
u002,1,2.B.3.h,0.229761,derived_teaching_data
u002,1,2.B.3.j,0.19596,derived_teaching_data
u002,1,2.B.3.k,0.299675,derived_teaching_data
u002,1,2.B.3.l,0.189404,derived_teaching_data
u002,1,2.B.3.m,0.321128,derived_teaching_data
u002,1,2.B.4.e,0.407727,derived_teaching_data
u002,1,2.B.4.g,0.395521,derived_teaching_data
u002,1,2.B.4.h,0.423295,derived_teaching_data
u002,1,2.B.5.a,0.367596,derived_teaching_data
u002,1,2.B.5.b,0.252516,derived_teaching_data
u002,1,2.B.5.c,0.252864,derived_teaching_data
u002,1,2.B.5.d,0.307673,derived_teaching_data
u002,2,2.A.1.a,0.511343,derived_teaching_data
u002,2,2.A.1.b,0.469609,derived_teaching_data
u002,2,2.A.1.c,0.443188,derived_teaching_data
u002,2,2.A.1.d,0.446249,derived_teaching_data
u002,2,2.A.1.e,0.357263,derived_teaching_data
u002,2,2.A.1.f,0.296277,derived_teaching_data
u002,2,2.A.2.a,0.522106,derived_teaching_data
u002,2,2.A.2.b,0.473861,derived_teaching_data
u002,2,2.A.2.c,0.403179,derived_teaching_data
u002,2,2.A.2.d,0.420106,derived_teaching_data
u002,2,2.B.1.a,0.36526,derived_teaching_data
u002,2,2.B.1.b,0.401234,derived_teaching_data
u002,2,2.B.1.c,0.401576,derived_teaching_data
u002,2,2.B.1.d,0.341822,derived_teaching_data
u002,2,2.B.1.e,0.399169,derived_teaching_data
u002,2,2.B.1.f,0.358093,derived_teaching_data
u002,2,2.B.2.i,0.483554,derived_teaching_data
u002,2,2.B.3.a,0.496554,derived_teaching_data
u002,2,2.B.3.b,0.302843,derived_teaching_data
u002,2,2.B.3.c,0.293686,derived_teaching_data
u002,2,2.B.3.d,0.200231,derived_teaching_data
u002,2,2.B.3.e,0.560315,derived_teaching_data
u002,2,2.B.3.g,0.291847,derived_teaching_data
u002,2,2.B.3.h,0.207288,derived_teaching_data
u002,2,2.B.3.j,0.212244,derived_teaching_data
u002,2,2.B.3.k,0.32877,derived_teaching_data
u002,2,2.B.3.l,0.182715,derived_teaching_data
u002,2,2.B.3.m,0.322026,derived_teaching_data
u002,2,2.B.4.e,0.469323,derived_teaching_data
u002,2,2.B.4.g,0.442281,derived_teaching_data
u002,2,2.B.4.h,0.417222,derived_teaching_data
u002,2,2.B.5.a,0.365265,derived_teaching_data
u002,2,2.B.5.b,0.244604,derived_teaching_data
u002,2,2.B.5.c,0.252805,derived_teaching_data
u002,2,2.B.5.d,0.311706,derived_teaching_data
u002,3,2.A.1.a,0.508182,derived_teaching_data
u002,3,2.A.1.b,0.486691,derived_teaching_data
u002,3,2.A.1.c,0.460071,derived_teaching_data
u002,3,2.A.1.d,0.470869,derived_teaching_data
u002,3,2.A.1.e,0.352703,derived_teaching_data
u002,3,2.A.1.f,0.289182,derived_teaching_data
u002,3,2.A.2.a,0.508607,derived_teaching_data
u002,3,2.A.2.b,0.507528,derived_teaching_data
u002,3,2.A.2.c,0.41983,derived_teaching_data
u002,3,2.A.2.d,0.447438,derived_teaching_data
u002,3,2.B.1.a,0.36229,derived_teaching_data
u002,3,2.B.1.b,0.423038,derived_teaching_data
u002,3,2.B.1.c,0.406744,derived_teaching_data
u002,3,2.B.1.d,0.362521,derived_teaching_data
u002,3,2.B.1.e,0.424053,derived_teaching_data
u002,3,2.B.1.f,0.390328,derived_teaching_data
u002,3,2.B.2.i,0.511565,derived_teaching_data
u002,3,2.B.3.a,0.543912,derived_teaching_data
u002,3,2.B.3.b,0.318856,derived_teaching_data
u002,3,2.B.3.c,0.307626,derived_teaching_data
u002,3,2.B.3.d,0.235357,derived_teaching_data
u002,3,2.B.3.e,0.587195,derived_teaching_data
u002,3,2.B.3.g,0.297644,derived_teaching_data
u002,3,2.B.3.h,0.24395,derived_teaching_data
u002,3,2.B.3.j,0.184521,derived_teaching_data
u002,3,2.B.3.k,0.31732,derived_teaching_data
u002,3,2.B.3.l,0.2193,derived_teaching_data
u002,3,2.B.3.m,0.368753,derived_teaching_data
u002,3,2.B.4.e,0.482194,derived_teaching_data
u002,3,2.B.4.g,0.468294,derived_teaching_data
u002,3,2.B.4.h,0.435179,derived_teaching_data
u002,3,2.B.5.a,0.397361,derived_teaching_data
u002,3,2.B.5.b,0.261948,derived_teaching_data
u002,3,2.B.5.c,0.264935,derived_teaching_data
u002,3,2.B.5.d,0.306395,derived_teaching_data
u002,4,2.A.1.a,0.567426,derived_teaching_data
u002,4,2.A.1.b,0.514228,derived_teaching_data
u002,4,2.A.1.c,0.489849,derived_teaching_data
u002,4,2.A.1.d,0.481249,derived_teaching_data
u002,4,2.A.1.e,0.387363,derived_teaching_data
u002,4,2.A.1.f,0.305229,derived_teaching_data
u002,4,2.A.2.a,0.552263,derived_teaching_data
u002,4,2.A.2.b,0.519184,derived_teaching_data
u002,4,2.A.2.c,0.457124,derived_teaching_data
u002,4,2.A.2.d,0.48389,derived_teaching_data
u002,4,2.B.1.a,0.340273,derived_teaching_data
u002,4,2.B.1.b,0.428879,derived_teaching_data
u002,4,2.B.1.c,0.451866,derived_teaching_data
u002,4,2.B.1.d,0.364854,derived_teaching_data
u002,4,2.B.1.e,0.451793,derived_teaching_data
u002,4,2.B.1.f,0.38057,derived_teaching_data
u002,4,2.B.2.i,0.529946,derived_teaching_data
u002,4,2.B.3.a,0.554011,derived_teaching_data
u002,4,2.B.3.b,0.352113,derived_teaching_data
u002,4,2.B.3.c,0.286396,derived_teaching_data
u002,4,2.B.3.d,0.244872,derived_teaching_data
u002,4,2.B.3.e,0.627571,derived_teaching_data
u002,4,2.B.3.g,0.304547,derived_teaching_data
u002,4,2.B.3.h,0.241025,derived_teaching_data
u002,4,2.B.3.j,0.209159,derived_teaching_data
u002,4,2.B.3.k,0.309481,derived_teaching_data
u002,4,2.B.3.l,0.212911,derived_teaching_data
u002,4,2.B.3.m,0.380155,derived_teaching_data
u002,4,2.B.4.e,0.49979,derived_teaching_data
u002,4,2.B.4.g,0.512562,derived_teaching_data
u002,4,2.B.4.h,0.463989,derived_teaching_data
u002,4,2.B.5.a,0.382729,derived_teaching_data
u002,4,2.B.5.b,0.265463,derived_teaching_data
u002,4,2.B.5.c,0.269525,derived_teaching_data
u002,4,2.B.5.d,0.306407,derived_teaching_data
u002,5,2.A.1.a,0.593558,derived_teaching_data
u002,5,2.A.1.b,0.528543,derived_teaching_data
u002,5,2.A.1.c,0.492464,derived_teaching_data
u002,5,2.A.1.d,0.510352,derived_teaching_data
u002,5,2.A.1.e,0.379488,derived_teaching_data
u002,5,2.A.1.f,0.313968,derived_teaching_data
u002,5,2.A.2.a,0.60379,derived_teaching_data
u002,5,2.A.2.b,0.545547,derived_teaching_data
u002,5,2.A.2.c,0.466669,derived_teaching_data
u002,5,2.A.2.d,0.489054,derived_teaching_data
u002,5,2.B.1.a,0.37065,derived_teaching_data
u002,5,2.B.1.b,0.473436,derived_teaching_data
u002,5,2.B.1.c,0.485747,derived_teaching_data
u002,5,2.B.1.d,0.377019,derived_teaching_data
u002,5,2.B.1.e,0.487482,derived_teaching_data
u002,5,2.B.1.f,0.409706,derived_teaching_data
u002,5,2.B.2.i,0.564068,derived_teaching_data
u002,5,2.B.3.a,0.578294,derived_teaching_data
u002,5,2.B.3.b,0.336447,derived_teaching_data
u002,5,2.B.3.c,0.305161,derived_teaching_data
u002,5,2.B.3.d,0.233422,derived_teaching_data
u002,5,2.B.3.e,0.65234,derived_teaching_data
u002,5,2.B.3.g,0.321388,derived_teaching_data
u002,5,2.B.3.h,0.256302,derived_teaching_data
u002,5,2.B.3.j,0.243398,derived_teaching_data
u002,5,2.B.3.k,0.349546,derived_teaching_data
u002,5,2.B.3.l,0.229797,derived_teaching_data
u002,5,2.B.3.m,0.381707,derived_teaching_data
u002,5,2.B.4.e,0.546473,derived_teaching_data
u002,5,2.B.4.g,0.511429,derived_teaching_data
u002,5,2.B.4.h,0.487518,derived_teaching_data
u002,5,2.B.5.a,0.420066,derived_teaching_data
u002,5,2.B.5.b,0.278203,derived_teaching_data
u002,5,2.B.5.c,0.280741,derived_teaching_data
u002,5,2.B.5.d,0.339957,derived_teaching_data
u003,0,2.A.1.a,0.487948,derived_teaching_data
u003,0,2.A.1.b,0.474346,derived_teaching_data
u003,0,2.A.1.c,0.41747,derived_teaching_data
u003,0,2.A.1.d,0.443104,derived_teaching_data
u003,0,2.A.1.e,0.364119,derived_teaching_data
u003,0,2.A.1.f,0.242999,derived_teaching_data
u003,0,2.A.2.a,0.479543,derived_teaching_data
u003,0,2.A.2.b,0.456498,derived_teaching_data
u003,0,2.A.2.c,0.368914,derived_teaching_data
u003,0,2.A.2.d,0.44489,derived_teaching_data
u003,0,2.B.1.a,0.337147,derived_teaching_data
u003,0,2.B.1.b,0.360642,derived_teaching_data
u003,0,2.B.1.c,0.334411,derived_teaching_data
u003,0,2.B.1.d,0.274261,derived_teaching_data
u003,0,2.B.1.e,0.387986,derived_teaching_data
u003,0,2.B.1.f,0.356407,derived_teaching_data
u003,0,2.B.2.i,0.493107,derived_teaching_data
u003,0,2.B.3.a,0.369954,derived_teaching_data
u003,0,2.B.3.b,0.283346,derived_teaching_data
u003,0,2.B.3.c,0.220527,derived_teaching_data
u003,0,2.B.3.d,0.181996,derived_teaching_data
u003,0,2.B.3.e,0.438805,derived_teaching_data
u003,0,2.B.3.g,0.337413,derived_teaching_data
u003,0,2.B.3.h,0.192007,derived_teaching_data
u003,0,2.B.3.j,0.218943,derived_teaching_data
u003,0,2.B.3.k,0.315801,derived_teaching_data
u003,0,2.B.3.l,0.17535,derived_teaching_data
u003,0,2.B.3.m,0.315683,derived_teaching_data
u003,0,2.B.4.e,0.472233,derived_teaching_data
u003,0,2.B.4.g,0.416892,derived_teaching_data
u003,0,2.B.4.h,0.433671,derived_teaching_data
u003,0,2.B.5.a,0.344412,derived_teaching_data
u003,0,2.B.5.b,0.232971,derived_teaching_data
u003,0,2.B.5.c,0.234481,derived_teaching_data
u003,0,2.B.5.d,0.327364,derived_teaching_data
u003,1,2.A.1.a,0.526896,derived_teaching_data
u003,1,2.A.1.b,0.490286,derived_teaching_data
u003,1,2.A.1.c,0.443141,derived_teaching_data
u003,1,2.A.1.d,0.469007,derived_teaching_data
u003,1,2.A.1.e,0.398441,derived_teaching_data
u003,1,2.A.1.f,0.239902,derived_teaching_data
u003,1,2.A.2.a,0.51829,derived_teaching_data
u003,1,2.A.2.b,0.47017,derived_teaching_data
u003,1,2.A.2.c,0.42651,derived_teaching_data
u003,1,2.A.2.d,0.450157,derived_teaching_data
u003,1,2.B.1.a,0.344777,derived_teaching_data
u003,1,2.B.1.b,0.402203,derived_teaching_data
u003,1,2.B.1.c,0.305508,derived_teaching_data
u003,1,2.B.1.d,0.266875,derived_teaching_data
u003,1,2.B.1.e,0.409021,derived_teaching_data
u003,1,2.B.1.f,0.357558,derived_teaching_data
u003,1,2.B.2.i,0.520006,derived_teaching_data
u003,1,2.B.3.a,0.391999,derived_teaching_data
u003,1,2.B.3.b,0.304671,derived_teaching_data
u003,1,2.B.3.c,0.23077,derived_teaching_data
u003,1,2.B.3.d,0.195788,derived_teaching_data
u003,1,2.B.3.e,0.440725,derived_teaching_data
u003,1,2.B.3.g,0.346017,derived_teaching_data
u003,1,2.B.3.h,0.219248,derived_teaching_data
u003,1,2.B.3.j,0.191176,derived_teaching_data
u003,1,2.B.3.k,0.305118,derived_teaching_data
u003,1,2.B.3.l,0.177768,derived_teaching_data
u003,1,2.B.3.m,0.305136,derived_teaching_data
u003,1,2.B.4.e,0.49991,derived_teaching_data
u003,1,2.B.4.g,0.442095,derived_teaching_data
u003,1,2.B.4.h,0.45764,derived_teaching_data
u003,1,2.B.5.a,0.354116,derived_teaching_data
u003,1,2.B.5.b,0.230643,derived_teaching_data
u003,1,2.B.5.c,0.27221,derived_teaching_data
u003,1,2.B.5.d,0.348808,derived_teaching_data
u003,2,2.A.1.a,0.519995,derived_teaching_data
u003,2,2.A.1.b,0.529605,derived_teaching_data
u003,2,2.A.1.c,0.477953,derived_teaching_data
u003,2,2.A.1.d,0.49425,derived_teaching_data
u003,2,2.A.1.e,0.431588,derived_teaching_data
u003,2,2.A.1.f,0.313753,derived_teaching_data
u003,2,2.A.2.a,0.522164,derived_teaching_data
u003,2,2.A.2.b,0.496479,derived_teaching_data
u003,2,2.A.2.c,0.413228,derived_teaching_data
u003,2,2.A.2.d,0.484502,derived_teaching_data
u003,2,2.B.1.a,0.375142,derived_teaching_data
u003,2,2.B.1.b,0.403364,derived_teaching_data
u003,2,2.B.1.c,0.356773,derived_teaching_data
u003,2,2.B.1.d,0.290468,derived_teaching_data
u003,2,2.B.1.e,0.437173,derived_teaching_data
u003,2,2.B.1.f,0.382435,derived_teaching_data
u003,2,2.B.2.i,0.52351,derived_teaching_data
u003,2,2.B.3.a,0.418997,derived_teaching_data
u003,2,2.B.3.b,0.317994,derived_teaching_data
u003,2,2.B.3.c,0.222124,derived_teaching_data
u003,2,2.B.3.d,0.214708,derived_teaching_data
u003,2,2.B.3.e,0.471965,derived_teaching_data
u003,2,2.B.3.g,0.359922,derived_teaching_data
u003,2,2.B.3.h,0.233137,derived_teaching_data
u003,2,2.B.3.j,0.213577,derived_teaching_data
u003,2,2.B.3.k,0.32354,derived_teaching_data
u003,2,2.B.3.l,0.206587,derived_teaching_data
u003,2,2.B.3.m,0.320003,derived_teaching_data
u003,2,2.B.4.e,0.516478,derived_teaching_data
u003,2,2.B.4.g,0.480052,derived_teaching_data
u003,2,2.B.4.h,0.474688,derived_teaching_data
u003,2,2.B.5.a,0.368921,derived_teaching_data
u003,2,2.B.5.b,0.252964,derived_teaching_data
u003,2,2.B.5.c,0.268248,derived_teaching_data
u003,2,2.B.5.d,0.352797,derived_teaching_data
u003,3,2.A.1.a,0.555439,derived_teaching_data
u003,3,2.A.1.b,0.527236,derived_teaching_data
u003,3,2.A.1.c,0.481018,derived_teaching_data
u003,3,2.A.1.d,0.50349,derived_teaching_data
u003,3,2.A.1.e,0.472522,derived_teaching_data
u003,3,2.A.1.f,0.270037,derived_teaching_data
u003,3,2.A.2.a,0.53912,derived_teaching_data
u003,3,2.A.2.b,0.538528,derived_teaching_data
u003,3,2.A.2.c,0.424455,derived_teaching_data
u003,3,2.A.2.d,0.504891,derived_teaching_data
u003,3,2.B.1.a,0.356088,derived_teaching_data
u003,3,2.B.1.b,0.434036,derived_teaching_data
u003,3,2.B.1.c,0.345156,derived_teaching_data
u003,3,2.B.1.d,0.287946,derived_teaching_data
u003,3,2.B.1.e,0.476597,derived_teaching_data
u003,3,2.B.1.f,0.396251,derived_teaching_data
u003,3,2.B.2.i,0.547731,derived_teaching_data
u003,3,2.B.3.a,0.457082,derived_teaching_data
u003,3,2.B.3.b,0.329427,derived_teaching_data
u003,3,2.B.3.c,0.241835,derived_teaching_data
u003,3,2.B.3.d,0.220176,derived_teaching_data
u003,3,2.B.3.e,0.519555,derived_teaching_data
u003,3,2.B.3.g,0.37448,derived_teaching_data
u003,3,2.B.3.h,0.237215,derived_teaching_data
u003,3,2.B.3.j,0.221901,derived_teaching_data
u003,3,2.B.3.k,0.347796,derived_teaching_data
u003,3,2.B.3.l,0.216646,derived_teaching_data
u003,3,2.B.3.m,0.335277,derived_teaching_data
u003,3,2.B.4.e,0.543226,derived_teaching_data
u003,3,2.B.4.g,0.48226,derived_teaching_data
u003,3,2.B.4.h,0.494112,derived_teaching_data
u003,3,2.B.5.a,0.365824,derived_teaching_data
u003,3,2.B.5.b,0.248888,derived_teaching_data
u003,3,2.B.5.c,0.265879,derived_teaching_data
u003,3,2.B.5.d,0.369372,derived_teaching_data
u003,4,2.A.1.a,0.589464,derived_teaching_data
u003,4,2.A.1.b,0.570451,derived_teaching_data
u003,4,2.A.1.c,0.504699,derived_teaching_data
u003,4,2.A.1.d,0.522269,derived_teaching_data
u003,4,2.A.1.e,0.487174,derived_teaching_data
u003,4,2.A.1.f,0.292977,derived_teaching_data
u003,4,2.A.2.a,0.577736,derived_teaching_data
u003,4,2.A.2.b,0.565582,derived_teaching_data
u003,4,2.A.2.c,0.458096,derived_teaching_data
u003,4,2.A.2.d,0.519371,derived_teaching_data
u003,4,2.B.1.a,0.393774,derived_teaching_data
u003,4,2.B.1.b,0.459709,derived_teaching_data
u003,4,2.B.1.c,0.36723,derived_teaching_data
u003,4,2.B.1.d,0.293377,derived_teaching_data
u003,4,2.B.1.e,0.498507,derived_teaching_data
u003,4,2.B.1.f,0.366809,derived_teaching_data
u003,4,2.B.2.i,0.562241,derived_teaching_data
u003,4,2.B.3.a,0.458422,derived_teaching_data
u003,4,2.B.3.b,0.326042,derived_teaching_data
u003,4,2.B.3.c,0.233053,derived_teaching_data
u003,4,2.B.3.d,0.242578,derived_teaching_data
u003,4,2.B.3.e,0.523679,derived_teaching_data
u003,4,2.B.3.g,0.386546,derived_teaching_data
u003,4,2.B.3.h,0.259463,derived_teaching_data
u003,4,2.B.3.j,0.220766,derived_teaching_data
u003,4,2.B.3.k,0.356617,derived_teaching_data
u003,4,2.B.3.l,0.231926,derived_teaching_data
u003,4,2.B.3.m,0.339962,derived_teaching_data
u003,4,2.B.4.e,0.563881,derived_teaching_data
u003,4,2.B.4.g,0.51275,derived_teaching_data
u003,4,2.B.4.h,0.514125,derived_teaching_data
u003,4,2.B.5.a,0.379502,derived_teaching_data
u003,4,2.B.5.b,0.250803,derived_teaching_data
u003,4,2.B.5.c,0.276761,derived_teaching_data
u003,4,2.B.5.d,0.392968,derived_teaching_data
u003,5,2.A.1.a,0.623809,derived_teaching_data
u003,5,2.A.1.b,0.582734,derived_teaching_data
u003,5,2.A.1.c,0.556995,derived_teaching_data
u003,5,2.A.1.d,0.565966,derived_teaching_data
u003,5,2.A.1.e,0.519215,derived_teaching_data
u003,5,2.A.1.f,0.287099,derived_teaching_data
u003,5,2.A.2.a,0.590898,derived_teaching_data
u003,5,2.A.2.b,0.575857,derived_teaching_data
u003,5,2.A.2.c,0.499188,derived_teaching_data
u003,5,2.A.2.d,0.5438,derived_teaching_data
u003,5,2.B.1.a,0.4115,derived_teaching_data
u003,5,2.B.1.b,0.4943,derived_teaching_data
u003,5,2.B.1.c,0.389179,derived_teaching_data
u003,5,2.B.1.d,0.319439,derived_teaching_data
u003,5,2.B.1.e,0.521242,derived_teaching_data
u003,5,2.B.1.f,0.403172,derived_teaching_data
u003,5,2.B.2.i,0.604458,derived_teaching_data
u003,5,2.B.3.a,0.520837,derived_teaching_data
u003,5,2.B.3.b,0.348873,derived_teaching_data
u003,5,2.B.3.c,0.239944,derived_teaching_data
u003,5,2.B.3.d,0.243947,derived_teaching_data
u003,5,2.B.3.e,0.557617,derived_teaching_data
u003,5,2.B.3.g,0.390196,derived_teaching_data
u003,5,2.B.3.h,0.256104,derived_teaching_data
u003,5,2.B.3.j,0.231306,derived_teaching_data
u003,5,2.B.3.k,0.343796,derived_teaching_data
u003,5,2.B.3.l,0.240458,derived_teaching_data
u003,5,2.B.3.m,0.351847,derived_teaching_data
u003,5,2.B.4.e,0.585685,derived_teaching_data
u003,5,2.B.4.g,0.566706,derived_teaching_data
u003,5,2.B.4.h,0.534715,derived_teaching_data
u003,5,2.B.5.a,0.409632,derived_teaching_data
u003,5,2.B.5.b,0.272896,derived_teaching_data
u003,5,2.B.5.c,0.280539,derived_teaching_data
u003,5,2.B.5.d,0.409233,derived_teaching_data
u004,0,2.A.1.a,0.49528,derived_teaching_data
u004,0,2.A.1.b,0.46967,derived_teaching_data
u004,0,2.A.1.c,0.395899,derived_teaching_data
u004,0,2.A.1.d,0.422085,derived_teaching_data
u004,0,2.A.1.e,0.392943,derived_teaching_data
u004,0,2.A.1.f,0.283975,derived_teaching_data
u004,0,2.A.2.a,0.472035,derived_teaching_data
u004,0,2.A.2.b,0.414659,derived_teaching_data
u004,0,2.A.2.c,0.376206,derived_teaching_data
u004,0,2.A.2.d,0.454133,derived_teaching_data
u004,0,2.B.1.a,0.348225,derived_teaching_data
u004,0,2.B.1.b,0.351137,derived_teaching_data
u004,0,2.B.1.c,0.338815,derived_teaching_data
u004,0,2.B.1.d,0.315837,derived_teaching_data
u004,0,2.B.1.e,0.386666,derived_teaching_data
u004,0,2.B.1.f,0.333384,derived_teaching_data
u004,0,2.B.2.i,0.450463,derived_teaching_data
u004,0,2.B.3.a,0.394281,derived_teaching_data
u004,0,2.B.3.b,0.34818,derived_teaching_data
u004,0,2.B.3.c,0.36431,derived_teaching_data
u004,0,2.B.3.d,0.279549,derived_teaching_data
u004,0,2.B.3.e,0.441247,derived_teaching_data
u004,0,2.B.3.g,0.425056,derived_teaching_data
u004,0,2.B.3.h,0.384083,derived_teaching_data
u004,0,2.B.3.j,0.377821,derived_teaching_data
u004,0,2.B.3.k,0.488843,derived_teaching_data
u004,0,2.B.3.l,0.368162,derived_teaching_data
u004,0,2.B.3.m,0.426487,derived_teaching_data
u004,0,2.B.4.e,0.47756,derived_teaching_data
u004,0,2.B.4.g,0.498331,derived_teaching_data
u004,0,2.B.4.h,0.491486,derived_teaching_data
u004,0,2.B.5.a,0.410983,derived_teaching_data
u004,0,2.B.5.b,0.269429,derived_teaching_data
u004,0,2.B.5.c,0.332151,derived_teaching_data
u004,0,2.B.5.d,0.334277,derived_teaching_data
u004,1,2.A.1.a,0.521475,derived_teaching_data
u004,1,2.A.1.b,0.478241,derived_teaching_data
u004,1,2.A.1.c,0.439126,derived_teaching_data
u004,1,2.A.1.d,0.453714,derived_teaching_data
u004,1,2.A.1.e,0.415558,derived_teaching_data
u004,1,2.A.1.f,0.315268,derived_teaching_data
u004,1,2.A.2.a,0.483933,derived_teaching_data
u004,1,2.A.2.b,0.425479,derived_teaching_data
u004,1,2.A.2.c,0.375562,derived_teaching_data
u004,1,2.A.2.d,0.493076,derived_teaching_data
u004,1,2.B.1.a,0.379389,derived_teaching_data
u004,1,2.B.1.b,0.384263,derived_teaching_data
u004,1,2.B.1.c,0.353201,derived_teaching_data
u004,1,2.B.1.d,0.32285,derived_teaching_data
u004,1,2.B.1.e,0.381766,derived_teaching_data
u004,1,2.B.1.f,0.37422,derived_teaching_data
u004,1,2.B.2.i,0.50023,derived_teaching_data
u004,1,2.B.3.a,0.382189,derived_teaching_data
u004,1,2.B.3.b,0.357538,derived_teaching_data
u004,1,2.B.3.c,0.389989,derived_teaching_data
u004,1,2.B.3.d,0.296636,derived_teaching_data
u004,1,2.B.3.e,0.489883,derived_teaching_data
u004,1,2.B.3.g,0.445578,derived_teaching_data
u004,1,2.B.3.h,0.427127,derived_teaching_data
u004,1,2.B.3.j,0.411029,derived_teaching_data
u004,1,2.B.3.k,0.520347,derived_teaching_data
u004,1,2.B.3.l,0.371846,derived_teaching_data
u004,1,2.B.3.m,0.453651,derived_teaching_data
u004,1,2.B.4.e,0.486663,derived_teaching_data
u004,1,2.B.4.g,0.476867,derived_teaching_data
u004,1,2.B.4.h,0.491643,derived_teaching_data
u004,1,2.B.5.a,0.429869,derived_teaching_data
u004,1,2.B.5.b,0.270475,derived_teaching_data
u004,1,2.B.5.c,0.337126,derived_teaching_data
u004,1,2.B.5.d,0.367675,derived_teaching_data
u004,2,2.A.1.a,0.520668,derived_teaching_data
u004,2,2.A.1.b,0.520106,derived_teaching_data
u004,2,2.A.1.c,0.454215,derived_teaching_data
u004,2,2.A.1.d,0.494523,derived_teaching_data
u004,2,2.A.1.e,0.406414,derived_teaching_data
u004,2,2.A.1.f,0.304995,derived_teaching_data
u004,2,2.A.2.a,0.527493,derived_teaching_data
u004,2,2.A.2.b,0.438904,derived_teaching_data
u004,2,2.A.2.c,0.397398,derived_teaching_data
u004,2,2.A.2.d,0.519958,derived_teaching_data
u004,2,2.B.1.a,0.390684,derived_teaching_data
u004,2,2.B.1.b,0.405465,derived_teaching_data
u004,2,2.B.1.c,0.368636,derived_teaching_data
u004,2,2.B.1.d,0.330432,derived_teaching_data
u004,2,2.B.1.e,0.419697,derived_teaching_data
u004,2,2.B.1.f,0.392694,derived_teaching_data
u004,2,2.B.2.i,0.501524,derived_teaching_data
u004,2,2.B.3.a,0.433696,derived_teaching_data
u004,2,2.B.3.b,0.35861,derived_teaching_data
u004,2,2.B.3.c,0.405277,derived_teaching_data
u004,2,2.B.3.d,0.298275,derived_teaching_data
u004,2,2.B.3.e,0.502303,derived_teaching_data
u004,2,2.B.3.g,0.476406,derived_teaching_data
u004,2,2.B.3.h,0.452504,derived_teaching_data
u004,2,2.B.3.j,0.429467,derived_teaching_data
u004,2,2.B.3.k,0.510559,derived_teaching_data
u004,2,2.B.3.l,0.42766,derived_teaching_data
u004,2,2.B.3.m,0.447921,derived_teaching_data
u004,2,2.B.4.e,0.526792,derived_teaching_data
u004,2,2.B.4.g,0.534692,derived_teaching_data
u004,2,2.B.4.h,0.508725,derived_teaching_data
u004,2,2.B.5.a,0.481207,derived_teaching_data
u004,2,2.B.5.b,0.282115,derived_teaching_data
u004,2,2.B.5.c,0.356358,derived_teaching_data
u004,2,2.B.5.d,0.415374,derived_teaching_data
u004,3,2.A.1.a,0.55253,derived_teaching_data
u004,3,2.A.1.b,0.523776,derived_teaching_data
u004,3,2.A.1.c,0.493438,derived_teaching_data
u004,3,2.A.1.d,0.514549,derived_teaching_data
u004,3,2.A.1.e,0.476959,derived_teaching_data
u004,3,2.A.1.f,0.309506,derived_teaching_data
u004,3,2.A.2.a,0.539282,derived_teaching_data
u004,3,2.A.2.b,0.502295,derived_teaching_data
u004,3,2.A.2.c,0.442745,derived_teaching_data
u004,3,2.A.2.d,0.529963,derived_teaching_data
u004,3,2.B.1.a,0.445259,derived_teaching_data
u004,3,2.B.1.b,0.43747,derived_teaching_data
u004,3,2.B.1.c,0.365633,derived_teaching_data
u004,3,2.B.1.d,0.344989,derived_teaching_data
u004,3,2.B.1.e,0.457886,derived_teaching_data
u004,3,2.B.1.f,0.423742,derived_teaching_data
u004,3,2.B.2.i,0.537793,derived_teaching_data
u004,3,2.B.3.a,0.431971,derived_teaching_data
u004,3,2.B.3.b,0.348572,derived_teaching_data
u004,3,2.B.3.c,0.435255,derived_teaching_data
u004,3,2.B.3.d,0.302843,derived_teaching_data
u004,3,2.B.3.e,0.51847,derived_teaching_data
u004,3,2.B.3.g,0.508605,derived_teaching_data
u004,3,2.B.3.h,0.471126,derived_teaching_data
u004,3,2.B.3.j,0.486737,derived_teaching_data
u004,3,2.B.3.k,0.526739,derived_teaching_data
u004,3,2.B.3.l,0.428935,derived_teaching_data
u004,3,2.B.3.m,0.497905,derived_teaching_data
u004,3,2.B.4.e,0.562113,derived_teaching_data
u004,3,2.B.4.g,0.562331,derived_teaching_data
u004,3,2.B.4.h,0.540117,derived_teaching_data
u004,3,2.B.5.a,0.483052,derived_teaching_data
u004,3,2.B.5.b,0.288936,derived_teaching_data
u004,3,2.B.5.c,0.351349,derived_teaching_data
u004,3,2.B.5.d,0.432039,derived_teaching_data
u004,4,2.A.1.a,0.583629,derived_teaching_data
u004,4,2.A.1.b,0.559541,derived_teaching_data
u004,4,2.A.1.c,0.503134,derived_teaching_data
u004,4,2.A.1.d,0.55276,derived_teaching_data
u004,4,2.A.1.e,0.475484,derived_teaching_data
u004,4,2.A.1.f,0.334113,derived_teaching_data
u004,4,2.A.2.a,0.574055,derived_teaching_data
u004,4,2.A.2.b,0.528538,derived_teaching_data
u004,4,2.A.2.c,0.493302,derived_teaching_data
u004,4,2.A.2.d,0.585769,derived_teaching_data
u004,4,2.B.1.a,0.461957,derived_teaching_data
u004,4,2.B.1.b,0.460827,derived_teaching_data
u004,4,2.B.1.c,0.38565,derived_teaching_data
u004,4,2.B.1.d,0.374314,derived_teaching_data
u004,4,2.B.1.e,0.475205,derived_teaching_data
u004,4,2.B.1.f,0.440259,derived_teaching_data
u004,4,2.B.2.i,0.579947,derived_teaching_data
u004,4,2.B.3.a,0.489741,derived_teaching_data
u004,4,2.B.3.b,0.378041,derived_teaching_data
u004,4,2.B.3.c,0.478004,derived_teaching_data
u004,4,2.B.3.d,0.304968,derived_teaching_data
u004,4,2.B.3.e,0.554452,derived_teaching_data
u004,4,2.B.3.g,0.531161,derived_teaching_data
u004,4,2.B.3.h,0.477089,derived_teaching_data
u004,4,2.B.3.j,0.479856,derived_teaching_data
u004,4,2.B.3.k,0.582861,derived_teaching_data
u004,4,2.B.3.l,0.461928,derived_teaching_data
u004,4,2.B.3.m,0.522734,derived_teaching_data
u004,4,2.B.4.e,0.571736,derived_teaching_data
u004,4,2.B.4.g,0.57429,derived_teaching_data
u004,4,2.B.4.h,0.581352,derived_teaching_data
u004,4,2.B.5.a,0.49221,derived_teaching_data
u004,4,2.B.5.b,0.322389,derived_teaching_data
u004,4,2.B.5.c,0.374123,derived_teaching_data
u004,4,2.B.5.d,0.440115,derived_teaching_data
u004,5,2.A.1.a,0.604487,derived_teaching_data
u004,5,2.A.1.b,0.588857,derived_teaching_data
u004,5,2.A.1.c,0.535988,derived_teaching_data
u004,5,2.A.1.d,0.563648,derived_teaching_data
u004,5,2.A.1.e,0.503949,derived_teaching_data
u004,5,2.A.1.f,0.346847,derived_teaching_data
u004,5,2.A.2.a,0.604006,derived_teaching_data
u004,5,2.A.2.b,0.512525,derived_teaching_data
u004,5,2.A.2.c,0.504414,derived_teaching_data
u004,5,2.A.2.d,0.568109,derived_teaching_data
u004,5,2.B.1.a,0.460842,derived_teaching_data
u004,5,2.B.1.b,0.48555,derived_teaching_data
u004,5,2.B.1.c,0.385085,derived_teaching_data
u004,5,2.B.1.d,0.358322,derived_teaching_data
u004,5,2.B.1.e,0.520198,derived_teaching_data
u004,5,2.B.1.f,0.490702,derived_teaching_data
u004,5,2.B.2.i,0.585545,derived_teaching_data
u004,5,2.B.3.a,0.505929,derived_teaching_data
u004,5,2.B.3.b,0.377358,derived_teaching_data
u004,5,2.B.3.c,0.498207,derived_teaching_data
u004,5,2.B.3.d,0.317535,derived_teaching_data
u004,5,2.B.3.e,0.57363,derived_teaching_data
u004,5,2.B.3.g,0.533151,derived_teaching_data
u004,5,2.B.3.h,0.528237,derived_teaching_data
u004,5,2.B.3.j,0.507777,derived_teaching_data
u004,5,2.B.3.k,0.587947,derived_teaching_data
u004,5,2.B.3.l,0.472116,derived_teaching_data
u004,5,2.B.3.m,0.532908,derived_teaching_data
u004,5,2.B.4.e,0.613084,derived_teaching_data
u004,5,2.B.4.g,0.595528,derived_teaching_data
u004,5,2.B.4.h,0.612006,derived_teaching_data
u004,5,2.B.5.a,0.541356,derived_teaching_data
u004,5,2.B.5.b,0.300829,derived_teaching_data
u004,5,2.B.5.c,0.357654,derived_teaching_data
u004,5,2.B.5.d,0.455424,derived_teaching_data
u005,0,2.A.1.a,0.482885,derived_teaching_data
u005,0,2.A.1.b,0.4779,derived_teaching_data
u005,0,2.A.1.c,0.472796,derived_teaching_data
u005,0,2.A.1.d,0.481026,derived_teaching_data
u005,0,2.A.1.e,0.327906,derived_teaching_data
u005,0,2.A.1.f,0.348769,derived_teaching_data
u005,0,2.A.2.a,0.471528,derived_teaching_data
u005,0,2.A.2.b,0.372757,derived_teaching_data
u005,0,2.A.2.c,0.355097,derived_teaching_data
u005,0,2.A.2.d,0.450849,derived_teaching_data
u005,0,2.B.1.a,0.351885,derived_teaching_data
u005,0,2.B.1.b,0.34432,derived_teaching_data
u005,0,2.B.1.c,0.297723,derived_teaching_data
u005,0,2.B.1.d,0.268818,derived_teaching_data
u005,0,2.B.1.e,0.316773,derived_teaching_data
u005,0,2.B.1.f,0.314183,derived_teaching_data
u005,0,2.B.2.i,0.392266,derived_teaching_data
u005,0,2.B.3.a,0.378293,derived_teaching_data
u005,0,2.B.3.b,0.336867,derived_teaching_data
u005,0,2.B.3.c,0.219207,derived_teaching_data
u005,0,2.B.3.d,0.269083,derived_teaching_data
u005,0,2.B.3.e,0.426525,derived_teaching_data
u005,0,2.B.3.g,0.356976,derived_teaching_data
u005,0,2.B.3.h,0.236379,derived_teaching_data
u005,0,2.B.3.j,0.160936,derived_teaching_data
u005,0,2.B.3.k,0.348543,derived_teaching_data
u005,0,2.B.3.l,0.194084,derived_teaching_data
u005,0,2.B.3.m,0.437775,derived_teaching_data
u005,0,2.B.4.e,0.417622,derived_teaching_data
u005,0,2.B.4.g,0.360987,derived_teaching_data
u005,0,2.B.4.h,0.407484,derived_teaching_data
u005,0,2.B.5.a,0.380222,derived_teaching_data
u005,0,2.B.5.b,0.224298,derived_teaching_data
u005,0,2.B.5.c,0.197781,derived_teaching_data
u005,0,2.B.5.d,0.254063,derived_teaching_data
u005,1,2.A.1.a,0.522091,derived_teaching_data
u005,1,2.A.1.b,0.509661,derived_teaching_data
u005,1,2.A.1.c,0.482451,derived_teaching_data
u005,1,2.A.1.d,0.506775,derived_teaching_data
u005,1,2.A.1.e,0.32766,derived_teaching_data
u005,1,2.A.1.f,0.335701,derived_teaching_data
u005,1,2.A.2.a,0.505374,derived_teaching_data
u005,1,2.A.2.b,0.402323,derived_teaching_data
u005,1,2.A.2.c,0.383284,derived_teaching_data
u005,1,2.A.2.d,0.478687,derived_teaching_data
u005,1,2.B.1.a,0.333634,derived_teaching_data
u005,1,2.B.1.b,0.363075,derived_teaching_data
u005,1,2.B.1.c,0.303396,derived_teaching_data
u005,1,2.B.1.d,0.282119,derived_teaching_data
u005,1,2.B.1.e,0.334398,derived_teaching_data
u005,1,2.B.1.f,0.314819,derived_teaching_data
u005,1,2.B.2.i,0.416102,derived_teaching_data
u005,1,2.B.3.a,0.41321,derived_teaching_data
u005,1,2.B.3.b,0.307711,derived_teaching_data
u005,1,2.B.3.c,0.213832,derived_teaching_data
u005,1,2.B.3.d,0.250315,derived_teaching_data
u005,1,2.B.3.e,0.46703,derived_teaching_data
u005,1,2.B.3.g,0.339209,derived_teaching_data
u005,1,2.B.3.h,0.243604,derived_teaching_data
u005,1,2.B.3.j,0.190029,derived_teaching_data
u005,1,2.B.3.k,0.366574,derived_teaching_data
u005,1,2.B.3.l,0.200284,derived_teaching_data
u005,1,2.B.3.m,0.4283,derived_teaching_data
u005,1,2.B.4.e,0.422611,derived_teaching_data
u005,1,2.B.4.g,0.396827,derived_teaching_data
u005,1,2.B.4.h,0.438534,derived_teaching_data
u005,1,2.B.5.a,0.387388,derived_teaching_data
u005,1,2.B.5.b,0.214459,derived_teaching_data
u005,1,2.B.5.c,0.210518,derived_teaching_data
u005,1,2.B.5.d,0.264533,derived_teaching_data
u005,2,2.A.1.a,0.540701,derived_teaching_data
u005,2,2.A.1.b,0.542158,derived_teaching_data
u005,2,2.A.1.c,0.504137,derived_teaching_data
u005,2,2.A.1.d,0.528695,derived_teaching_data
u005,2,2.A.1.e,0.34519,derived_teaching_data
u005,2,2.A.1.f,0.38992,derived_teaching_data
u005,2,2.A.2.a,0.511291,derived_teaching_data
u005,2,2.A.2.b,0.397013,derived_teaching_data
u005,2,2.A.2.c,0.374143,derived_teaching_data
u005,2,2.A.2.d,0.473968,derived_teaching_data
u005,2,2.B.1.a,0.356606,derived_teaching_data
u005,2,2.B.1.b,0.421977,derived_teaching_data
u005,2,2.B.1.c,0.35556,derived_teaching_data
u005,2,2.B.1.d,0.299232,derived_teaching_data
u005,2,2.B.1.e,0.342901,derived_teaching_data
u005,2,2.B.1.f,0.32456,derived_teaching_data
u005,2,2.B.2.i,0.435666,derived_teaching_data
u005,2,2.B.3.a,0.44061,derived_teaching_data
u005,2,2.B.3.b,0.36684,derived_teaching_data
u005,2,2.B.3.c,0.243748,derived_teaching_data
u005,2,2.B.3.d,0.272245,derived_teaching_data
u005,2,2.B.3.e,0.474175,derived_teaching_data
u005,2,2.B.3.g,0.368447,derived_teaching_data
u005,2,2.B.3.h,0.245636,derived_teaching_data
u005,2,2.B.3.j,0.173946,derived_teaching_data
u005,2,2.B.3.k,0.372255,derived_teaching_data
u005,2,2.B.3.l,0.196717,derived_teaching_data
u005,2,2.B.3.m,0.466728,derived_teaching_data
u005,2,2.B.4.e,0.440867,derived_teaching_data
u005,2,2.B.4.g,0.395991,derived_teaching_data
u005,2,2.B.4.h,0.452897,derived_teaching_data
u005,2,2.B.5.a,0.388431,derived_teaching_data
u005,2,2.B.5.b,0.221405,derived_teaching_data
u005,2,2.B.5.c,0.217905,derived_teaching_data
u005,2,2.B.5.d,0.28929,derived_teaching_data
u005,3,2.A.1.a,0.57747,derived_teaching_data
u005,3,2.A.1.b,0.563842,derived_teaching_data
u005,3,2.A.1.c,0.537478,derived_teaching_data
u005,3,2.A.1.d,0.538457,derived_teaching_data
u005,3,2.A.1.e,0.365508,derived_teaching_data
u005,3,2.A.1.f,0.375476,derived_teaching_data
u005,3,2.A.2.a,0.553018,derived_teaching_data
u005,3,2.A.2.b,0.422153,derived_teaching_data
u005,3,2.A.2.c,0.393213,derived_teaching_data
u005,3,2.A.2.d,0.521716,derived_teaching_data
u005,3,2.B.1.a,0.362204,derived_teaching_data
u005,3,2.B.1.b,0.435115,derived_teaching_data
u005,3,2.B.1.c,0.33465,derived_teaching_data
u005,3,2.B.1.d,0.302576,derived_teaching_data
u005,3,2.B.1.e,0.376475,derived_teaching_data
u005,3,2.B.1.f,0.330033,derived_teaching_data
u005,3,2.B.2.i,0.470191,derived_teaching_data
u005,3,2.B.3.a,0.474199,derived_teaching_data
u005,3,2.B.3.b,0.327705,derived_teaching_data
u005,3,2.B.3.c,0.232923,derived_teaching_data
u005,3,2.B.3.d,0.286552,derived_teaching_data
u005,3,2.B.3.e,0.531787,derived_teaching_data
u005,3,2.B.3.g,0.368332,derived_teaching_data
u005,3,2.B.3.h,0.278103,derived_teaching_data
u005,3,2.B.3.j,0.212149,derived_teaching_data
u005,3,2.B.3.k,0.377159,derived_teaching_data
u005,3,2.B.3.l,0.217188,derived_teaching_data
u005,3,2.B.3.m,0.472276,derived_teaching_data
u005,3,2.B.4.e,0.475962,derived_teaching_data
u005,3,2.B.4.g,0.433347,derived_teaching_data
u005,3,2.B.4.h,0.47266,derived_teaching_data
u005,3,2.B.5.a,0.430788,derived_teaching_data
u005,3,2.B.5.b,0.225174,derived_teaching_data
u005,3,2.B.5.c,0.202685,derived_teaching_data
u005,3,2.B.5.d,0.310219,derived_teaching_data
u005,4,2.A.1.a,0.591206,derived_teaching_data
u005,4,2.A.1.b,0.560022,derived_teaching_data
u005,4,2.A.1.c,0.555823,derived_teaching_data
u005,4,2.A.1.d,0.593981,derived_teaching_data
u005,4,2.A.1.e,0.368081,derived_teaching_data
u005,4,2.A.1.f,0.400747,derived_teaching_data
u005,4,2.A.2.a,0.58011,derived_teaching_data
u005,4,2.A.2.b,0.467816,derived_teaching_data
u005,4,2.A.2.c,0.388959,derived_teaching_data
u005,4,2.A.2.d,0.53784,derived_teaching_data
u005,4,2.B.1.a,0.365262,derived_teaching_data
u005,4,2.B.1.b,0.434688,derived_teaching_data
u005,4,2.B.1.c,0.335976,derived_teaching_data
u005,4,2.B.1.d,0.307257,derived_teaching_data
u005,4,2.B.1.e,0.359878,derived_teaching_data
u005,4,2.B.1.f,0.354668,derived_teaching_data
u005,4,2.B.2.i,0.496865,derived_teaching_data
u005,4,2.B.3.a,0.486358,derived_teaching_data
u005,4,2.B.3.b,0.353494,derived_teaching_data
u005,4,2.B.3.c,0.246054,derived_teaching_data
u005,4,2.B.3.d,0.293494,derived_teaching_data
u005,4,2.B.3.e,0.54363,derived_teaching_data
u005,4,2.B.3.g,0.373345,derived_teaching_data
u005,4,2.B.3.h,0.277265,derived_teaching_data
u005,4,2.B.3.j,0.228638,derived_teaching_data
u005,4,2.B.3.k,0.387704,derived_teaching_data
u005,4,2.B.3.l,0.216579,derived_teaching_data
u005,4,2.B.3.m,0.529641,derived_teaching_data
u005,4,2.B.4.e,0.494068,derived_teaching_data
u005,4,2.B.4.g,0.459136,derived_teaching_data
u005,4,2.B.4.h,0.506641,derived_teaching_data
u005,4,2.B.5.a,0.45073,derived_teaching_data
u005,4,2.B.5.b,0.252605,derived_teaching_data
u005,4,2.B.5.c,0.241435,derived_teaching_data
u005,4,2.B.5.d,0.312343,derived_teaching_data
u005,5,2.A.1.a,0.638553,derived_teaching_data
u005,5,2.A.1.b,0.61332,derived_teaching_data
u005,5,2.A.1.c,0.553346,derived_teaching_data
u005,5,2.A.1.d,0.596665,derived_teaching_data
u005,5,2.A.1.e,0.354311,derived_teaching_data
u005,5,2.A.1.f,0.398723,derived_teaching_data
u005,5,2.A.2.a,0.589346,derived_teaching_data
u005,5,2.A.2.b,0.492699,derived_teaching_data
u005,5,2.A.2.c,0.409333,derived_teaching_data
u005,5,2.A.2.d,0.574696,derived_teaching_data
u005,5,2.B.1.a,0.396085,derived_teaching_data
u005,5,2.B.1.b,0.483343,derived_teaching_data
u005,5,2.B.1.c,0.35362,derived_teaching_data
u005,5,2.B.1.d,0.329097,derived_teaching_data
u005,5,2.B.1.e,0.380197,derived_teaching_data
u005,5,2.B.1.f,0.369121,derived_teaching_data
u005,5,2.B.2.i,0.502005,derived_teaching_data
u005,5,2.B.3.a,0.534347,derived_teaching_data
u005,5,2.B.3.b,0.348483,derived_teaching_data
u005,5,2.B.3.c,0.293667,derived_teaching_data
u005,5,2.B.3.d,0.30512,derived_teaching_data
u005,5,2.B.3.e,0.566881,derived_teaching_data
u005,5,2.B.3.g,0.370375,derived_teaching_data
u005,5,2.B.3.h,0.288247,derived_teaching_data
u005,5,2.B.3.j,0.212002,derived_teaching_data
u005,5,2.B.3.k,0.422156,derived_teaching_data
u005,5,2.B.3.l,0.211168,derived_teaching_data
u005,5,2.B.3.m,0.570053,derived_teaching_data
u005,5,2.B.4.e,0.536802,derived_teaching_data
u005,5,2.B.4.g,0.459648,derived_teaching_data
u005,5,2.B.4.h,0.532734,derived_teaching_data
u005,5,2.B.5.a,0.4815,derived_teaching_data
u005,5,2.B.5.b,0.233919,derived_teaching_data
u005,5,2.B.5.c,0.242064,derived_teaching_data
u005,5,2.B.5.d,0.326597,derived_teaching_data
u006,0,2.A.1.a,0.539828,derived_teaching_data
u006,0,2.A.1.b,0.454665,derived_teaching_data
u006,0,2.A.1.c,0.447022,derived_teaching_data
u006,0,2.A.1.d,0.499346,derived_teaching_data
u006,0,2.A.1.e,0.394714,derived_teaching_data
u006,0,2.A.1.f,0.261455,derived_teaching_data
u006,0,2.A.2.a,0.473706,derived_teaching_data
u006,0,2.A.2.b,0.458084,derived_teaching_data
u006,0,2.A.2.c,0.353284,derived_teaching_data
u006,0,2.A.2.d,0.448499,derived_teaching_data
u006,0,2.B.1.a,0.373517,derived_teaching_data
u006,0,2.B.1.b,0.370703,derived_teaching_data
u006,0,2.B.1.c,0.344139,derived_teaching_data
u006,0,2.B.1.d,0.313894,derived_teaching_data
u006,0,2.B.1.e,0.399904,derived_teaching_data
u006,0,2.B.1.f,0.349454,derived_teaching_data
u006,0,2.B.2.i,0.437006,derived_teaching_data
u006,0,2.B.3.a,0.402208,derived_teaching_data
u006,0,2.B.3.b,0.350717,derived_teaching_data
u006,0,2.B.3.c,0.282533,derived_teaching_data
u006,0,2.B.3.d,0.196488,derived_teaching_data
u006,0,2.B.3.e,0.423378,derived_teaching_data
u006,0,2.B.3.g,0.346366,derived_teaching_data
u006,0,2.B.3.h,0.315431,derived_teaching_data
u006,0,2.B.3.j,0.216034,derived_teaching_data
u006,0,2.B.3.k,0.438887,derived_teaching_data
u006,0,2.B.3.l,0.241451,derived_teaching_data
u006,0,2.B.3.m,0.374447,derived_teaching_data
u006,0,2.B.4.e,0.483839,derived_teaching_data
u006,0,2.B.4.g,0.465092,derived_teaching_data
u006,0,2.B.4.h,0.47252,derived_teaching_data
u006,0,2.B.5.a,0.380591,derived_teaching_data
u006,0,2.B.5.b,0.240782,derived_teaching_data
u006,0,2.B.5.c,0.246302,derived_teaching_data
u006,0,2.B.5.d,0.34473,derived_teaching_data
u006,1,2.A.1.a,0.545308,derived_teaching_data
u006,1,2.A.1.b,0.497904,derived_teaching_data
u006,1,2.A.1.c,0.475294,derived_teaching_data
u006,1,2.A.1.d,0.516879,derived_teaching_data
u006,1,2.A.1.e,0.389405,derived_teaching_data
u006,1,2.A.1.f,0.25604,derived_teaching_data
u006,1,2.A.2.a,0.49102,derived_teaching_data
u006,1,2.A.2.b,0.477963,derived_teaching_data
u006,1,2.A.2.c,0.402006,derived_teaching_data
u006,1,2.A.2.d,0.496149,derived_teaching_data
u006,1,2.B.1.a,0.403556,derived_teaching_data
u006,1,2.B.1.b,0.418725,derived_teaching_data
u006,1,2.B.1.c,0.354904,derived_teaching_data
u006,1,2.B.1.d,0.314322,derived_teaching_data
u006,1,2.B.1.e,0.400032,derived_teaching_data
u006,1,2.B.1.f,0.375002,derived_teaching_data
u006,1,2.B.2.i,0.462893,derived_teaching_data
u006,1,2.B.3.a,0.425691,derived_teaching_data
u006,1,2.B.3.b,0.371137,derived_teaching_data
u006,1,2.B.3.c,0.290407,derived_teaching_data
u006,1,2.B.3.d,0.230359,derived_teaching_data
u006,1,2.B.3.e,0.469298,derived_teaching_data
u006,1,2.B.3.g,0.376588,derived_teaching_data
u006,1,2.B.3.h,0.310253,derived_teaching_data
u006,1,2.B.3.j,0.244306,derived_teaching_data
u006,1,2.B.3.k,0.433386,derived_teaching_data
u006,1,2.B.3.l,0.224946,derived_teaching_data
u006,1,2.B.3.m,0.396814,derived_teaching_data
u006,1,2.B.4.e,0.484347,derived_teaching_data
u006,1,2.B.4.g,0.515924,derived_teaching_data
u006,1,2.B.4.h,0.491446,derived_teaching_data
u006,1,2.B.5.a,0.401506,derived_teaching_data
u006,1,2.B.5.b,0.273643,derived_teaching_data
u006,1,2.B.5.c,0.258703,derived_teaching_data
u006,1,2.B.5.d,0.37388,derived_teaching_data
u006,2,2.A.1.a,0.56146,derived_teaching_data
u006,2,2.A.1.b,0.516218,derived_teaching_data
u006,2,2.A.1.c,0.48745,derived_teaching_data
u006,2,2.A.1.d,0.540803,derived_teaching_data
u006,2,2.A.1.e,0.419944,derived_teaching_data
u006,2,2.A.1.f,0.267956,derived_teaching_data
u006,2,2.A.2.a,0.527002,derived_teaching_data
u006,2,2.A.2.b,0.538281,derived_teaching_data
u006,2,2.A.2.c,0.42369,derived_teaching_data
u006,2,2.A.2.d,0.489664,derived_teaching_data
u006,2,2.B.1.a,0.407865,derived_teaching_data
u006,2,2.B.1.b,0.42374,derived_teaching_data
u006,2,2.B.1.c,0.372594,derived_teaching_data
u006,2,2.B.1.d,0.338419,derived_teaching_data
u006,2,2.B.1.e,0.443259,derived_teaching_data
u006,2,2.B.1.f,0.406734,derived_teaching_data
u006,2,2.B.2.i,0.475707,derived_teaching_data
u006,2,2.B.3.a,0.447921,derived_teaching_data
u006,2,2.B.3.b,0.390241,derived_teaching_data
u006,2,2.B.3.c,0.282017,derived_teaching_data
u006,2,2.B.3.d,0.218294,derived_teaching_data
u006,2,2.B.3.e,0.482557,derived_teaching_data
u006,2,2.B.3.g,0.399336,derived_teaching_data
u006,2,2.B.3.h,0.317538,derived_teaching_data
u006,2,2.B.3.j,0.228421,derived_teaching_data
u006,2,2.B.3.k,0.458585,derived_teaching_data
u006,2,2.B.3.l,0.257741,derived_teaching_data
u006,2,2.B.3.m,0.437797,derived_teaching_data
u006,2,2.B.4.e,0.508553,derived_teaching_data
u006,2,2.B.4.g,0.540006,derived_teaching_data
u006,2,2.B.4.h,0.515954,derived_teaching_data
u006,2,2.B.5.a,0.435686,derived_teaching_data
u006,2,2.B.5.b,0.290836,derived_teaching_data
u006,2,2.B.5.c,0.26638,derived_teaching_data
u006,2,2.B.5.d,0.376683,derived_teaching_data
u006,3,2.A.1.a,0.593672,derived_teaching_data
u006,3,2.A.1.b,0.531278,derived_teaching_data
u006,3,2.A.1.c,0.495721,derived_teaching_data
u006,3,2.A.1.d,0.565373,derived_teaching_data
u006,3,2.A.1.e,0.47298,derived_teaching_data
u006,3,2.A.1.f,0.294339,derived_teaching_data
u006,3,2.A.2.a,0.55599,derived_teaching_data
u006,3,2.A.2.b,0.532184,derived_teaching_data
u006,3,2.A.2.c,0.430875,derived_teaching_data
u006,3,2.A.2.d,0.506565,derived_teaching_data
u006,3,2.B.1.a,0.442685,derived_teaching_data
u006,3,2.B.1.b,0.46084,derived_teaching_data
u006,3,2.B.1.c,0.363584,derived_teaching_data
u006,3,2.B.1.d,0.33255,derived_teaching_data
u006,3,2.B.1.e,0.447901,derived_teaching_data
u006,3,2.B.1.f,0.436182,derived_teaching_data
u006,3,2.B.2.i,0.522757,derived_teaching_data
u006,3,2.B.3.a,0.485579,derived_teaching_data
u006,3,2.B.3.b,0.43683,derived_teaching_data
u006,3,2.B.3.c,0.318229,derived_teaching_data
u006,3,2.B.3.d,0.232903,derived_teaching_data
u006,3,2.B.3.e,0.527575,derived_teaching_data
u006,3,2.B.3.g,0.441742,derived_teaching_data
u006,3,2.B.3.h,0.320798,derived_teaching_data
u006,3,2.B.3.j,0.240772,derived_teaching_data
u006,3,2.B.3.k,0.490641,derived_teaching_data
u006,3,2.B.3.l,0.277892,derived_teaching_data
u006,3,2.B.3.m,0.457731,derived_teaching_data
u006,3,2.B.4.e,0.51223,derived_teaching_data
u006,3,2.B.4.g,0.55543,derived_teaching_data
u006,3,2.B.4.h,0.560714,derived_teaching_data
u006,3,2.B.5.a,0.460738,derived_teaching_data
u006,3,2.B.5.b,0.293963,derived_teaching_data
u006,3,2.B.5.c,0.255712,derived_teaching_data
u006,3,2.B.5.d,0.409799,derived_teaching_data
u006,4,2.A.1.a,0.628784,derived_teaching_data
u006,4,2.A.1.b,0.584602,derived_teaching_data
u006,4,2.A.1.c,0.557952,derived_teaching_data
u006,4,2.A.1.d,0.604566,derived_teaching_data
u006,4,2.A.1.e,0.487903,derived_teaching_data
u006,4,2.A.1.f,0.265931,derived_teaching_data
u006,4,2.A.2.a,0.568072,derived_teaching_data
u006,4,2.A.2.b,0.553892,derived_teaching_data
u006,4,2.A.2.c,0.457695,derived_teaching_data
u006,4,2.A.2.d,0.544215,derived_teaching_data
u006,4,2.B.1.a,0.461986,derived_teaching_data
u006,4,2.B.1.b,0.477999,derived_teaching_data
u006,4,2.B.1.c,0.343004,derived_teaching_data
u006,4,2.B.1.d,0.352548,derived_teaching_data
u006,4,2.B.1.e,0.48247,derived_teaching_data
u006,4,2.B.1.f,0.452005,derived_teaching_data
u006,4,2.B.2.i,0.550884,derived_teaching_data
u006,4,2.B.3.a,0.494109,derived_teaching_data
u006,4,2.B.3.b,0.428575,derived_teaching_data
u006,4,2.B.3.c,0.322226,derived_teaching_data
u006,4,2.B.3.d,0.241112,derived_teaching_data
u006,4,2.B.3.e,0.518037,derived_teaching_data
u006,4,2.B.3.g,0.450071,derived_teaching_data
u006,4,2.B.3.h,0.355617,derived_teaching_data
u006,4,2.B.3.j,0.255002,derived_teaching_data
u006,4,2.B.3.k,0.525794,derived_teaching_data
u006,4,2.B.3.l,0.269539,derived_teaching_data
u006,4,2.B.3.m,0.486229,derived_teaching_data
u006,4,2.B.4.e,0.583654,derived_teaching_data
u006,4,2.B.4.g,0.571203,derived_teaching_data
u006,4,2.B.4.h,0.596947,derived_teaching_data
u006,4,2.B.5.a,0.462021,derived_teaching_data
u006,4,2.B.5.b,0.277193,derived_teaching_data
u006,4,2.B.5.c,0.308067,derived_teaching_data
u006,4,2.B.5.d,0.383396,derived_teaching_data
u006,5,2.A.1.a,0.652202,derived_teaching_data
u006,5,2.A.1.b,0.609739,derived_teaching_data
u006,5,2.A.1.c,0.578367,derived_teaching_data
u006,5,2.A.1.d,0.604001,derived_teaching_data
u006,5,2.A.1.e,0.490208,derived_teaching_data
u006,5,2.A.1.f,0.319095,derived_teaching_data
u006,5,2.A.2.a,0.604999,derived_teaching_data
u006,5,2.A.2.b,0.606008,derived_teaching_data
u006,5,2.A.2.c,0.521948,derived_teaching_data
u006,5,2.A.2.d,0.565238,derived_teaching_data
u006,5,2.B.1.a,0.496314,derived_teaching_data
u006,5,2.B.1.b,0.505464,derived_teaching_data
u006,5,2.B.1.c,0.400957,derived_teaching_data
u006,5,2.B.1.d,0.356551,derived_teaching_data
u006,5,2.B.1.e,0.487208,derived_teaching_data
u006,5,2.B.1.f,0.47478,derived_teaching_data
u006,5,2.B.2.i,0.553594,derived_teaching_data
u006,5,2.B.3.a,0.522372,derived_teaching_data
u006,5,2.B.3.b,0.479142,derived_teaching_data
u006,5,2.B.3.c,0.336688,derived_teaching_data
u006,5,2.B.3.d,0.258563,derived_teaching_data
u006,5,2.B.3.e,0.560452,derived_teaching_data
u006,5,2.B.3.g,0.487715,derived_teaching_data
u006,5,2.B.3.h,0.343569,derived_teaching_data
u006,5,2.B.3.j,0.286861,derived_teaching_data
u006,5,2.B.3.k,0.544832,derived_teaching_data
u006,5,2.B.3.l,0.27378,derived_teaching_data
u006,5,2.B.3.m,0.499025,derived_teaching_data
u006,5,2.B.4.e,0.600388,derived_teaching_data
u006,5,2.B.4.g,0.611055,derived_teaching_data
u006,5,2.B.4.h,0.615257,derived_teaching_data
u006,5,2.B.5.a,0.526432,derived_teaching_data
u006,5,2.B.5.b,0.31903,derived_teaching_data
u006,5,2.B.5.c,0.282218,derived_teaching_data
u006,5,2.B.5.d,0.393665,derived_teaching_data
